type,device,instruction,input,output
入侵检测场景,Cisco Secure IPS (Intrusion Prevention System),如何配置 Cisco Secure IPS 的基本网络设置？,,1. 访问 Cisco Secure IPS 管理界面：\n打开浏览器并访问 https://your-ips-address\n输入管理员用户名和密码进行登录。\n2. 导航到 `Configuration` > `Interfaces`。\n3. 配置管理接口：\n点击 `Management` 接口，进入配置页面。\n4. 设置 IP 地址：\n在 `IP Address` 字段中输入管理接口的 IP 地址（例如，192.168.1.100）。\n5. 设置子网掩码：\n在 `Subnet Mask` 字段中输入子网掩码（例如，255.255.255.0）。\n6. 设置默认网关：\n在 `Default Gateway` 字段中输入默认网关的 IP 地址（例如，192.168.1.1）。\n7. 保存并应用设置：\n点击 `Apply` 按钮保存更改。\n8. 验证网络连接：\n打开终端并执行 `ping 192.168.1.100`，确认管理接口的网络连接正常。
入侵检测场景,Cisco Secure IPS (Intrusion Prevention System),如何在 Cisco Secure IPS 中配置报警规则？,,1. 登录到 Cisco Secure IPS 管理界面：\n打开浏览器并访问 https://your-ips-address\n输入管理员用户名和密码进行登录。\n2. 导航到 `Configuration` > `Policies` > `Alerts`。\n3. 创建新的报警规则：\n点击 `Add` 按钮。\n4. 配置报警名称和描述：\n在 `Name` 字段中输入报警规则名称（例如，High Severity Alerts），在 `Description` 字段中输入规则描述。\n5. 设置报警条件：\n在 `Conditions` 部分选择报警条件，如事件类型、严重级别、源 IP 等。例如，选择事件类型为 `High`。\n6. 配置报警动作：\n在 `Actions` 部分选择执行的操作，如发送电子邮件通知。输入邮件服务器信息、接收者邮箱地址等。\n7. 保存并应用规则：\n点击 `Save` 按钮保存报警规则设置。
入侵检测场景,Cisco Secure IPS (Intrusion Prevention System),如何在 Cisco Secure IPS 中配置数据源？,,1. 登录到 Cisco Secure IPS 管理界面：\n打开浏览器并访问 https://your-ips-address\n输入管理员用户名和密码进行登录。\n2. 导航到 `Configuration` > `Data Sources`。\n3. 添加新的数据源：\n点击 `Add Data Source` 按钮。\n4. 选择数据源类型：\n在 `Data Source Type` 下拉菜单中选择数据源类型（例如，Syslog）。\n5. 输入数据源详细信息：\n在 `IP Address` 字段中输入数据源的 IP 地址（例如，192.168.1.200），在 `Port` 字段中输入端口号（例如，514）。\n6. 配置数据源协议：\n选择数据源使用的协议（例如，UDP）。\n7. 保存并应用配置：\n点击 `Save` 按钮保存数据源设置。
入侵检测场景,Cisco Secure IPS (Intrusion Prevention System),如何在 Cisco Secure IPS 中配置用户管理？,,1. 登录到 Cisco Secure IPS 管理界面：\n打开浏览器并访问 https://your-ips-address\n输入管理员用户名和密码进行登录。\n2. 导航到 `Configuration` > `User Management`。\n3. 添加新的用户：\n点击 `Add User` 按钮。\n4. 输入用户信息：\n在 `Username` 字段中输入用户名（例如，admin2），在 `Password` 和 `Confirm Password` 字段中输入密码。\n5. 选择用户角色：\n在 `Role` 下拉菜单中选择用户角色（例如，Administrator）。\n6. 配置用户权限：\n根据需要勾选或取消勾选用户权限（例如，配置、监控等）。\n7. 保存并应用设置：\n点击 `Save` 按钮保存用户配置。
入侵检测场景,Cisco Secure IPS (Intrusion Prevention System),如何在 Cisco Secure IPS 中配置日志归档？,,1. 登录到 Cisco Secure IPS 管理界面：\n打开浏览器并访问 https://your-ips-address\n输入管理员用户名和密码进行登录。\n2. 导航到 `Configuration` > `Log Management` > `Log Archiving`。\n3. 配置归档设置：\n在 `Archiving Schedule` 部分设置归档频率（例如，每天、每周）。\n4. 配置归档目标：\n在 `Destination` 部分选择归档目标位置（例如，本地磁盘或远程存储）。\n5. 输入目标详细信息：\n如果选择远程存储，输入存储服务器的 IP 地址或主机名、路径、用户名和密码。\n6. 配置保留策略：\n在 `Retention Policy` 部分设置保留日志的时间周期（例如，30 天、60 天）。\n7. 保存并应用设置：\n点击 `Save` 按钮保存日志归档配置。
入侵检测场景,Palo Alto Networks Threat Prevention,如何配置 Palo Alto Networks Threat Prevention 的基本网络设置？,,1. 访问 Palo Alto Networks 管理界面：\n打开浏览器并访问 https://<firewall-management-IP>\n输入管理员用户名和密码进行登录。\n2. 导航到 `Network` > `Interfaces`。\n3. 选择需要配置的接口：\n点击 `ethernet1/1` 接口，进入配置页面。\n4. 设置 IP 地址：\n在 `IPv4` 部分，选择 `Static` 并输入 IP 地址（例如，192.168.1.1）。\n5. 设置子网掩码：\n在 `Subnet Mask` 字段中输入子网掩码（例如，255.255.255.0）。\n6. 设置默认网关：\n在 `Gateway` 字段中输入默认网关的 IP 地址（例如，192.168.1.254）。\n7. 保存并应用设置：\n点击 `OK` 按钮保存更改，然后点击 `Commit` 按钮应用配置。\n8. 验证网络连接：\n打开终端并执行 `ping 192.168.1.1`，确认管理接口的网络连接正常。
入侵检测场景,Palo Alto Networks Threat Prevention,如何在 Palo Alto Networks Threat Prevention 中配置威胁防护策略？,,1. 登录到 Palo Alto Networks 管理界面：\n打开浏览器并访问 https://<firewall-management-IP>\n输入管理员用户名和密码进行登录。\n2. 导航到 `Policies` > `Security`。\n3. 创建新的安全策略：\n点击 `Add` 按钮。\n4. 配置策略名称和描述：\n在 `General` 标签中输入策略名称（例如，Threat Prevention Policy），在 `Description` 字段中输入策略描述。\n5. 配置源和目的区域：\n在 `Source` 标签中选择源区域（例如，trust），在 `Destination` 标签中选择目的区域（例如，untrust）。\n6. 配置应用和服务：\n在 `Application` 标签中选择要监控的应用，在 `Service` 标签中选择服务（例如，any）。\n7. 配置操作：\n在 `Actions` 标签中选择 `Allow` 并启用 `Profile` 设置，选择 `Threat` 并分配威胁防护配置文件。\n8. 保存并应用策略：\n点击 `OK` 按钮保存策略，然后点击 `Commit` 按钮应用配置。
入侵检测场景,Palo Alto Networks Threat Prevention,如何在 Palo Alto Networks Threat Prevention 中配置日志设置？,,1. 登录到 Palo Alto Networks 管理界面：\n打开浏览器并访问 https://<firewall-management-IP>\n输入管理员用户名和密码进行登录。\n2. 导航到 `Device` > `Log Settings`。\n3. 配置日志转发：\n点击 `System`，选择 `Add` 按钮。\n4. 输入日志服务器信息：\n在 `Name` 字段中输入日志服务器名称，在 `Server` 字段中输入日志服务器 IP 地址（例如，192.168.1.200）。\n5. 配置日志类型：\n选择 `Log Type` 为 `System`，然后选择 `Event` 类型。\n6. 保存并应用设置：\n点击 `OK` 按钮保存配置，然后点击 `Commit` 按钮应用配置。
入侵检测场景,Palo Alto Networks Threat Prevention,如何在 Palo Alto Networks Threat Prevention 中配置用户认证？,,1. 登录到 Palo Alto Networks 管理界面：\n打开浏览器并访问 https://<firewall-management-IP>\n输入管理员用户名和密码进行登录。\n2. 导航到 `Device` > `User Identification`。\n3. 添加新的 LDAP 服务器：\n点击 `Add` 按钮。\n4. 输入 LDAP 服务器信息：\n在 `Server Profile` 字段中输入 LDAP 服务器名称，在 `Server` 字段中输入 LDAP 服务器 IP 地址（例如，192.168.1.100）。\n5. 配置认证信息：\n在 `LDAP` 部分输入 `Base DN`，`Bind DN` 和 `Bind Password`。\n6. 测试连接：\n点击 `Test Connection` 按钮以验证配置是否正确。\n7. 保存并应用设置：\n点击 `OK` 按钮保存配置，然后点击 `Commit` 按钮应用配置。
入侵检测场景,Palo Alto Networks Threat Prevention,如何在 Palo Alto Networks Threat Prevention 中配置软件更新？,,1. 登录到 Palo Alto Networks 管理界面：\n打开浏览器并访问 https://<firewall-management-IP>\n输入管理员用户名和密码进行登录。\n2. 导航到 `Device` > `Software`。\n3. 检查软件更新：\n点击 `Check Now` 按钮检查最新的软件版本。\n4. 下载最新软件包：\n在 `Available Updates` 列表中选择最新的软件版本，点击 `Download` 按钮。\n5. 安装软件更新：\n下载完成后，选择已下载的软件包，点击 `Install` 按钮。\n6. 确认安装：\n在弹出的确认窗口中点击 `Yes` 确认安装。\n7. 安装完成后重启设备：\n点击 `Reboot` 按钮重启防火墙以应用更新。\n8. 验证更新：\n登录管理界面，导航到 `Dashboard`，在 `General Information` 中检查软件版本号是否更新。
入侵检测场景,Fortinet FortiGate IPS,如何配置 FortiGate IPS 的基本网络设置？,,1. 访问 FortiGate 管理界面：\n打开浏览器并访问 https://<fortigate-ip>\n输入管理员用户名和密码进行登录。\n2. 导航到 `Network` > `Interfaces`。\n3. 选择需要配置的接口：\n点击 `Edit` 按钮编辑 `port1` 接口。\n4. 设置 IP 地址和子网掩码：\n在 `IP/Netmask` 字段中输入 IP 地址和子网掩码（例如，192.168.1.1/24）。\n5. 配置默认网关：\n在 `Administrative Access` 部分，确保选择了 `HTTPS` 和 `PING`。\n6. 保存并应用设置：\n点击 `OK` 按钮保存更改。\n7. 验证网络连接：\n打开终端并执行 `ping 192.168.1.1`，确认管理接口的网络连接正常。
入侵检测场景,Fortinet FortiGate IPS,如何在 FortiGate IPS 中配置入侵防御策略？,,1. 登录到 FortiGate 管理界面：\n打开浏览器并访问 https://<fortigate-ip>\n输入管理员用户名和密码进行登录。\n2. 导航到 `Security Profiles` > `Intrusion Prevention`。\n3. 创建新的 IPS 配置文件：\n点击 `Create New` 按钮。\n4. 输入配置文件名称：\n在 `Name` 字段中输入 IPS 配置文件名称（例如，IPS_Default）。\n5. 启用签名和异常检测：\n在 `IPS Signatures` 和 `IPS Sensor` 部分，选择需要启用的签名和异常检测规则。\n6. 保存并应用设置：\n点击 `OK` 按钮保存配置文件。\n7. 将 IPS 配置文件应用到防火墙策略：\n导航到 `Policy & Objects` > `IPv4 Policy`。\n8. 编辑防火墙策略：\n选择需要应用 IPS 配置文件的策略，点击 `Edit` 按钮。\n9. 在 `Security Profiles` 部分，选择刚刚创建的 IPS 配置文件（例如，IPS_Default）。\n10. 保存并应用策略：\n点击 `OK` 按钮保存更改。
入侵检测场景,Fortinet FortiGate IPS,如何在 FortiGate IPS 中配置日志设置？,,1. 登录到 FortiGate 管理界面：\n打开浏览器并访问 https://<fortigate-ip>\n输入管理员用户名和密码进行登录。\n2. 导航到 `Log & Report` > `Log Settings`。\n3. 配置日志存储位置：\n在 `Local Log` 部分，选择 `Enable` 并配置日志存储位置（例如，本地硬盘或远程日志服务器）。\n4. 配置日志级别：\n在 `Log Level` 部分，选择需要记录的日志级别（例如，Information、Warning、Error）。\n5. 配置日志类型：\n在 `Log Type` 部分，选择需要记录的日志类型（例如，Event、Traffic、Threat）。\n6. 保存并应用设置：\n点击 `Apply` 按钮保存配置。\n7. 验证日志配置：\n导航到 `Log & Report` > `Log View`，查看日志是否正常记录。
入侵检测场景,Fortinet FortiGate IPS,如何在 FortiGate IPS 中配置用户认证？,,1. 登录到 FortiGate 管理界面：\n打开浏览器并访问 https://<fortigate-ip>\n输入管理员用户名和密码进行登录。\n2. 导航到 `User & Device` > `User` > `User Definition`。\n3. 添加新的用户：\n点击 `Create New` 按钮。\n4. 输入用户信息：\n在 `Name` 字段中输入用户名，在 `Type` 字段中选择 `Local User`。\n5. 配置用户密码：\n在 `Password` 和 `Confirm Password` 字段中输入密码。\n6. 保存并应用设置：\n点击 `OK` 按钮保存用户配置。\n7. 配置用户组：\n导航到 `User & Device` > `User` > `User Group`，点击 `Create New` 按钮。\n8. 输入用户组名称：\n在 `Name` 字段中输入用户组名称（例如，AdminGroup）。\n9. 添加用户到用户组：\n在 `Members` 部分，选择刚刚创建的用户（例如，AdminUser）。\n10. 保存并应用设置：\n点击 `OK` 按钮保存用户组配置。
入侵检测场景,Fortinet FortiGate IPS,如何在 FortiGate IPS 中配置软件更新？,,1. 登录到 FortiGate 管理界面：\n打开浏览器并访问 https://<fortigate-ip>\n输入管理员用户名和密码进行登录。\n2. 导航到 `System` > `Firmware`。\n3. 检查软件更新：\n点击 `Check for Updates` 按钮检查最新的软件版本。\n4. 下载最新软件包：\n在 `Available Updates` 列表中选择最新的软件版本，点击 `Download` 按钮。\n5. 安装软件更新：\n下载完成后，选择已下载的软件包，点击 `Install` 按钮。\n6. 确认安装：\n在弹出的确认窗口中点击 `Yes` 确认安装。\n7. 安装完成后重启设备：\n点击 `Reboot` 按钮重启防火墙以应用更新。\n8. 验证更新：\n登录管理界面，导航到 `Dashboard`，在 `System Information` 部分检查软件版本号是否更新。
入侵检测场景,SonicWall Network Security IPS,如何配置 SonicWall Network Security IPS 的基本网络设置？,,1. 访问 SonicWall 管理界面：\n打开浏览器并访问 https://<sonicwall-ip>\n输入管理员用户名和密码进行登录。\n2. 导航到 `Network` > `Interfaces`。\n3. 选择需要配置的接口：\n点击 `Edit` 按钮编辑 `X0` 接口。\n4. 设置 IP 地址和子网掩码：\n在 `IP Address` 和 `Subnet Mask` 字段中输入 IP 地址和子网掩码（例如，192.168.1.1 和 255.255.255.0）。\n5. 配置默认网关：\n在 `Default Gateway` 字段中输入默认网关地址（例如，192.168.1.254）。\n6. 保存并应用设置：\n点击 `OK` 按钮保存更改。\n7. 验证网络连接：\n打开终端并执行 `ping 192.168.1.1`，确认管理接口的网络连接正常。
入侵检测场景,SonicWall Network Security IPS,如何在 SonicWall Network Security IPS 中配置入侵防御策略？,,"1. 登录到 SonicWall 管理界面：\n打开浏览器并访问 https://<sonicwall-ip>\n输入管理员用户名和密码进行登录。\n2. 导航到 `Security Services` > `Intrusion Prevention`。\n3. 启用 IPS 服务：\n勾选 `Enable Intrusion Prevention` 选项。\n4. 创建新的 IPS 策略：\n点击 `Add Policy` 按钮。\n5. 输入策略名称和描述：\n在 `Policy Name` 和 `Policy Description` 字段中输入策略名称和描述（例如，Default_IPS_Policy 和 用于检测和阻止常见攻击）。\n6. 配置检测规则：\n在 `Rules` 部分，选择需要启用的检测规则（例如，SQL Injection, Cross-Site Scripting, Buffer Overflow）。\n7. 配置防御动作：\n在 `Action` 部分，选择 `Prevent` 或 `Detect`，根据需要配置阻止或检测动作。\n8. 保存并应用策略：\n点击 `OK` 按钮保存策略配置。\n9. 将 IPS 策略应用到防火墙策略：\n导航到 `Firewall` > `Access Rules`。\n10. 编辑防火墙策略：\n选择需要应用 IPS 策略的规则，点击 `Edit` 按钮。\n11. 在 `IPS Policy` 部分，选择刚刚创建的 IPS 策略（例如，Default_IPS_Policy）。\n12. 保存并应用策略：\n点击 `OK` 按钮保存更改。"
入侵检测场景,SonicWall Network Security IPS,如何在 SonicWall Network Security IPS 中配置日志设置？,,"1. 登录到 SonicWall 管理界面：\n打开浏览器并访问 https://<sonicwall-ip>\n输入管理员用户名和密码进行登录。\n2. 导航到 `Log` > `Settings`。\n3. 配置日志存储位置：\n在 `Log Automation` 部分，选择 `Syslog Server` 并配置服务器地址（例如，192.168.1.100）。\n4. 配置日志级别：\n在 `Log Level` 部分，选择需要记录的日志级别（例如，Information、Warning、Error）。\n5. 配置日志类型：\n在 `Log Categories` 部分，选择需要记录的日志类型（例如，Event, Traffic, Threat）。\n6. 保存并应用设置：\n点击 `Apply` 按钮保存配置。\n7. 验证日志配置：\n导航到 `Log` > `View`，查看日志是否正常记录。"
入侵检测场景,SonicWall Network Security IPS,如何在 SonicWall Network Security IPS 中配置用户认证？,,1. 登录到 SonicWall 管理界面：\n打开浏览器并访问 https://<sonicwall-ip>\n输入管理员用户名和密码进行登录。\n2. 导航到 `Users` > `Settings`。\n3. 添加新的用户：\n点击 `Add User` 按钮。\n4. 输入用户信息：\n在 `Name` 字段中输入用户名，在 `Password` 和 `Confirm Password` 字段中输入密码。\n5. 配置用户权限：\n在 `Groups` 部分，选择用户组（例如，Administrators 或 Limited Administrators）。\n6. 配置用户认证方式：\n在 `Authentication Method` 部分，选择 `Local Users` 或 `LDAP`，根据需要配置本地用户或 LDAP 认证。\n7. 保存并应用设置：\n点击 `OK` 按钮保存用户配置。\n8. 验证用户认证：\n注销并使用新用户凭据重新登录管理界面，确认用户认证配置正常。
入侵检测场景,SonicWall Network Security IPS,如何在 SonicWall Network Security IPS 中配置软件更新？,,1. 登录到 SonicWall 管理界面：\n打开浏览器并访问 https://<sonicwall-ip>\n输入管理员用户名和密码进行登录。\n2. 导航到 `System` > `Firmware & Backups`。\n3. 检查软件更新：\n点击 `Check for Updates` 按钮检查最新的软件版本。\n4. 下载最新软件包：\n在 `Available Updates` 列表中选择最新的软件版本，点击 `Download` 按钮。\n5. 安装软件更新：\n下载完成后，选择已下载的软件包，点击 `Upload` 按钮。\n6. 确认安装：\n在弹出的确认窗口中点击 `Yes` 确认安装。\n7. 安装完成后重启设备：\n点击 `Restart` 按钮重启防火墙以应用更新。\n8. 验证更新：\n登录管理界面，导航到 `System`，在 `Firmware Version` 部分检查软件版本号是否更新。
入侵检测场景,Barracuda NextGen Firewall IPS,如何配置 Barracuda NextGen Firewall IPS 的基本网络设置？,,1. 访问 Barracuda NextGen Firewall 管理界面：\n打开浏览器并访问 https://<barracuda-ip>\n输入管理员用户名和密码进行登录。\n2. 导航到 `Configuration` > `Network` > `IP Configuration`。\n3. 选择需要配置的接口：\n点击 `Edit` 按钮编辑 `eth0` 接口。\n4. 设置 IP 地址和子网掩码：\n在 `IP Address` 和 `Subnet Mask` 字段中输入 IP 地址和子网掩码（例如，192.168.1.1 和 255.255.255.0）。\n5. 配置默认网关：\n在 `Default Gateway` 字段中输入默认网关地址（例如，192.168.1.254）。\n6. 保存并应用设置：\n点击 `Save` 按钮保存更改。\n7. 验证网络连接：\n打开终端并执行 `ping 192.168.1.1`，确认管理接口的网络连接正常。
入侵检测场景,Barracuda NextGen Firewall IPS,如何在 Barracuda NextGen Firewall IPS 中配置入侵防御策略？,,"1. 登录到 Barracuda NextGen Firewall 管理界面：\n打开浏览器并访问 https://<barracuda-ip>\n输入管理员用户名和密码进行登录。\n2. 导航到 `Configuration` > `Firewall` > `Intrusion Prevention`。\n3. 启用 IPS 服务：\n勾选 `Enable Intrusion Prevention` 选项。\n4. 创建新的 IPS 策略：\n点击 `Add Policy` 按钮。\n5. 输入策略名称和描述：\n在 `Policy Name` 和 `Policy Description` 字段中输入策略名称和描述（例如，Default_IPS_Policy 和 用于检测和阻止常见攻击）。\n6. 配置检测规则：\n在 `Rules` 部分，选择需要启用的检测规则（例如，SQL Injection, Cross-Site Scripting, Buffer Overflow）。\n7. 配置防御动作：\n在 `Action` 部分，选择 `Prevent` 或 `Detect`，根据需要配置阻止或检测动作。\n8. 保存并应用策略：\n点击 `Save` 按钮保存策略配置。\n9. 将 IPS 策略应用到防火墙策略：\n导航到 `Configuration` > `Firewall` > `Access Rules`。\n10. 编辑防火墙策略：\n选择需要应用 IPS 策略的规则，点击 `Edit` 按钮。\n11. 在 `IPS Policy` 部分，选择刚刚创建的 IPS 策略（例如，Default_IPS_Policy）。\n12. 保存并应用策略：\n点击 `Save` 按钮保存更改。"
入侵检测场景,Barracuda NextGen Firewall IPS,如何在 Barracuda NextGen Firewall IPS 中配置日志设置？,,"1. 登录到 Barracuda NextGen Firewall 管理界面：\n打开浏览器并访问 https://<barracuda-ip>\n输入管理员用户名和密码进行登录。\n2. 导航到 `Configuration` > `Log Settings`。\n3. 配置日志存储位置：\n在 `Log Automation` 部分，选择 `Syslog Server` 并配置服务器地址（例如，192.168.1.100）。\n4. 配置日志级别：\n在 `Log Level` 部分，选择需要记录的日志级别（例如，Information、Warning、Error）。\n5. 配置日志类型：\n在 `Log Categories` 部分，选择需要记录的日志类型（例如，Event, Traffic, Threat）。\n6. 保存并应用设置：\n点击 `Save` 按钮保存配置。\n7. 验证日志配置：\n导航到 `Logs` > `View Logs`，查看日志是否正常记录。"
入侵检测场景,Barracuda NextGen Firewall IPS,如何在 Barracuda NextGen Firewall IPS 中配置用户认证？,,1. 登录到 Barracuda NextGen Firewall 管理界面：\n打开浏览器并访问 https://<barracuda-ip>\n输入管理员用户名和密码进行登录。\n2. 导航到 `Configuration` > `User Authentication`。\n3. 添加新的用户：\n点击 `Add User` 按钮。\n4. 输入用户信息：\n在 `Name` 字段中输入用户名，在 `Password` 和 `Confirm Password` 字段中输入密码。\n5. 配置用户权限：\n在 `Groups` 部分，选择用户组（例如，Administrators 或 Limited Administrators）。\n6. 配置用户认证方式：\n在 `Authentication Method` 部分，选择 `Local Users` 或 `LDAP`，根据需要配置本地用户或 LDAP 认证。\n7. 保存并应用设置：\n点击 `Save` 按钮保存用户配置。\n8. 验证用户认证：\n注销并使用新用户凭据重新登录管理界面，确认用户认证配置正常。
入侵检测场景,Barracuda NextGen Firewall IPS,如何在 Barracuda NextGen Firewall IPS 中配置软件更新？,,1. 登录到 Barracuda NextGen Firewall 管理界面：\n打开浏览器并访问 https://<barracuda-ip>\n输入管理员用户名和密码进行登录。\n2. 导航到 `Configuration` > `Firmware Update`。\n3. 检查软件更新：\n点击 `Check for Updates` 按钮检查最新的软件版本。\n4. 下载最新软件包：\n在 `Available Updates` 列表中选择最新的软件版本，点击 `Download` 按钮。\n5. 安装软件更新：\n下载完成后，选择已下载的软件包，点击 `Upload` 按钮。\n6. 确认安装：\n在弹出的确认窗口中点击 `Yes` 确认安装。\n7. 安装完成后重启设备：\n点击 `Restart` 按钮重启防火墙以应用更新。\n8. 验证更新：\n登录管理界面，导航到 `System`，在 `Firmware Version` 部分检查软件版本号是否更新。
入侵检测场景,Arbor Networks APS (Advanced Protection System),如何配置 Arbor Networks APS 的基本网络设置？,,1. 访问 Arbor Networks APS 管理界面：\n打开浏览器并访问 https://<arbor-aps-ip>\n输入管理员用户名和密码进行登录。\n2. 导航到 `Configuration` > `Network Settings`。\n3. 配置管理接口：\n点击 `Management Interface`，输入 IP 地址和子网掩码（例如，192.168.1.1 和 255.255.255.0）。\n4. 配置默认网关：\n在 `Default Gateway` 字段中输入默认网关地址（例如，192.168.1.254）。\n5. 保存并应用设置：\n点击 `Save` 按钮保存更改。\n6. 验证网络连接：\n打开终端并执行 `ping 192.168.1.1`，确认管理接口的网络连接正常。
入侵检测场景,Arbor Networks APS (Advanced Protection System),如何在 Arbor Networks APS 中配置DDoS防护策略？,,"1. 登录到 Arbor Networks APS 管理界面：\n打开浏览器并访问 https://<arbor-aps-ip>\n输入管理员用户名和密码进行登录。\n2. 导航到 `Configuration` > `DDoS Protection`。\n3. 创建新的DDoS防护策略：\n点击 `Add Policy` 按钮。\n4. 输入策略名称和描述：\n在 `Policy Name` 和 `Policy Description` 字段中输入策略名称和描述（例如，Default_DDoS_Policy 和 用于检测和阻止DDoS攻击）。\n5. 配置检测规则：\n在 `Detection Rules` 部分，选择需要启用的检测规则（例如，SYN Flood, UDP Flood, ICMP Flood）。\n6. 配置防御动作：\n在 `Mitigation Actions` 部分，选择 `Drop`, `Rate Limit` 或 `Redirect`，根据需要配置阻止或限速动作。\n7. 保存并应用策略：\n点击 `Save` 按钮保存策略配置。\n8. 将DDoS防护策略应用到网络接口：\n导航到 `Configuration` > `Network Interfaces`。\n9. 编辑网络接口：\n选择需要应用DDoS防护策略的接口，点击 `Edit` 按钮。\n10. 在 `DDoS Protection` 部分，选择刚刚创建的DDoS防护策略（例如，Default_DDoS_Policy）。\n11. 保存并应用策略：\n点击 `Save` 按钮保存更改。"
入侵检测场景,Arbor Networks APS (Advanced Protection System),如何在 Arbor Networks APS 中配置日志设置？,,"1. 登录到 Arbor Networks APS 管理界面：\n打开浏览器并访问 https://<arbor-aps-ip>\n输入管理员用户名和密码进行登录。\n2. 导航到 `Configuration` > `Log Settings`。\n3. 配置日志存储位置：\n在 `Log Destination` 部分，选择 `Syslog Server` 并配置服务器地址（例如，192.168.1.100）。\n4. 配置日志级别：\n在 `Log Level` 部分，选择需要记录的日志级别（例如，Information、Warning、Error）。\n5. 配置日志类型：\n在 `Log Categories` 部分，选择需要记录的日志类型（例如，Event, Traffic, Threat）。\n6. 保存并应用设置：\n点击 `Save` 按钮保存配置。\n7. 验证日志配置：\n导航到 `Logs` > `View Logs`，查看日志是否正常记录。"
入侵检测场景,Arbor Networks APS (Advanced Protection System),如何在 Arbor Networks APS 中配置用户认证？,,1. 登录到 Arbor Networks APS 管理界面：\n打开浏览器并访问 https://<arbor-aps-ip>\n输入管理员用户名和密码进行登录。\n2. 导航到 `Configuration` > `User Authentication`。\n3. 添加新的用户：\n点击 `Add User` 按钮。\n4. 输入用户信息：\n在 `Name` 字段中输入用户名，在 `Password` 和 `Confirm Password` 字段中输入密码。\n5. 配置用户权限：\n在 `Groups` 部分，选择用户组（例如，Administrators 或 Limited Administrators）。\n6. 配置用户认证方式：\n在 `Authentication Method` 部分，选择 `Local Users` 或 `LDAP`，根据需要配置本地用户或 LDAP 认证。\n7. 保存并应用设置：\n点击 `Save` 按钮保存用户配置。\n8. 验证用户认证：\n注销并使用新用户凭据重新登录管理界面，确认用户认证配置正常。
入侵检测场景,Arbor Networks APS (Advanced Protection System),如何在 Arbor Networks APS 中配置软件更新？,,1. 登录到 Arbor Networks APS 管理界面：\n打开浏览器并访问 https://<arbor-aps-ip>\n输入管理员用户名和密码进行登录。\n2. 导航到 `Configuration` > `Firmware Update`。\n3. 检查软件更新：\n点击 `Check for Updates` 按钮检查最新的软件版本。\n4. 下载最新软件包：\n在 `Available Updates` 列表中选择最新的软件版本，点击 `Download` 按钮。\n5. 安装软件更新：\n下载完成后，选择已下载的软件包，点击 `Upload` 按钮。\n6. 确认安装：\n在弹出的确认窗口中点击 `Yes` 确认安装。\n7. 安装完成后重启设备：\n点击 `Restart` 按钮重启设备以应用更新。\n8. 验证更新：\n登录管理界面，导航到 `System`，在 `Firmware Version` 部分检查软件版本号是否更新。
入侵检测场景,FireEye Network Security and Forensics,如何配置 FireEye Network Security and Forensics 的基本网络设置？,,1. 访问 FireEye 管理界面：\n打开浏览器并访问 https://<fireeye-ip>\n输入管理员用户名和密码进行登录。\n2. 导航到 `Settings` > `Network`。\n3. 配置管理接口：\n点击 `Edit` 按钮，输入 IP 地址和子网掩码（例如，192.168.1.1 和 255.255.255.0）。\n4. 配置默认网关：\n在 `Default Gateway` 字段中输入默认网关地址（例如，192.168.1.254）。\n5. 保存并应用设置：\n点击 `Save` 按钮保存更改。\n6. 验证网络连接：\n打开终端并执行 `ping 192.168.1.1`，确认管理接口的网络连接正常。
入侵检测场景,FireEye Network Security and Forensics,如何在 FireEye Network Security and Forensics 中配置日志设置？,,"1. 登录到 FireEye 管理界面：\n打开浏览器并访问 https://<fireeye-ip>\n输入管理员用户名和密码进行登录。\n2. 导航到 `Settings` > `Log`。\n3. 配置日志存储位置：\n在 `Log Destination` 部分，选择 `Syslog Server` 并配置服务器地址（例如，192.168.1.100）。\n4. 配置日志级别：\n在 `Log Level` 部分，选择需要记录的日志级别（例如，Information、Warning、Error）。\n5. 配置日志类型：\n在 `Log Categories` 部分，选择需要记录的日志类型（例如，Event, Traffic, Threat）。\n6. 保存并应用设置：\n点击 `Save` 按钮保存配置。\n7. 验证日志配置：\n导航到 `Logs` > `View Logs`，查看日志是否正常记录。"
入侵检测场景,FireEye Network Security and Forensics,如何在 FireEye Network Security and Forensics 中配置用户认证？,,1. 登录到 FireEye 管理界面：\n打开浏览器并访问 https://<fireeye-ip>\n输入管理员用户名和密码进行登录。\n2. 导航到 `Settings` > `User Authentication`。\n3. 添加新的用户：\n点击 `Add User` 按钮。\n4. 输入用户信息：\n在 `Name` 字段中输入用户名，在 `Password` 和 `Confirm Password` 字段中输入密码。\n5. 配置用户权限：\n在 `Groups` 部分，选择用户组（例如，Administrators 或 Limited Administrators）。\n6. 配置用户认证方式：\n在 `Authentication Method` 部分，选择 `Local Users` 或 `LDAP`，根据需要配置本地用户或 LDAP 认证。\n7. 保存并应用设置：\n点击 `Save` 按钮保存用户配置。\n8. 验证用户认证：\n注销并使用新用户凭据重新登录管理界面，确认用户认证配置正常。
入侵检测场景,FireEye Network Security and Forensics,如何在 FireEye Network Security and Forensics 中配置软件更新？,,1. 登录到 FireEye 管理界面：\n打开浏览器并访问 https://<fireeye-ip>\n输入管理员用户名和密码进行登录。\n2. 导航到 `Settings` > `Firmware Update`。\n3. 检查软件更新：\n点击 `Check for Updates` 按钮检查最新的软件版本。\n4. 下载最新软件包：\n在 `Available Updates` 列表中选择最新的软件版本，点击 `Download` 按钮。\n5. 安装软件更新：\n下载完成后，选择已下载的软件包，点击 `Upload` 按钮。\n6. 确认安装：\n在弹出的确认窗口中点击 `Yes` 确认安装。\n7. 安装完成后重启设备：\n点击 `Restart` 按钮重启设备以应用更新。\n8. 验证更新：\n登录管理界面，导航到 `System`，在 `Firmware Version` 部分检查软件版本号是否更新。
入侵检测场景,FireEye Network Security and Forensics,如何在 FireEye Network Security and Forensics 中配置威胁检测策略？,,"1. 登录到 FireEye 管理界面：\n打开浏览器并访问 https://<fireeye-ip>\n输入管理员用户名和密码进行登录。\n2. 导航到 `Settings` > `Threat Detection`。\n3. 创建新的检测策略：\n点击 `Add Policy` 按钮。\n4. 输入策略名称和描述：\n在 `Policy Name` 和 `Policy Description` 字段中输入策略名称和描述（例如，Default_Threat_Policy 和 用于检测和阻止威胁）。\n5. 配置检测规则：\n在 `Detection Rules` 部分，选择需要启用的检测规则（例如，Malware, Exploit, C2）。\n6. 配置防御动作：\n在 `Mitigation Actions` 部分，选择 `Block`, `Alert` 或 `Quarantine`，根据需要配置阻止或隔离动作。\n7. 保存并应用策略：\n点击 `Save` 按钮保存策略配置。\n8. 将威胁检测策略应用到网络接口：\n导航到 `Settings` > `Network Interfaces`。\n9. 编辑网络接口：\n选择需要应用威胁检测策略的接口，点击 `Edit` 按钮。\n10. 在 `Threat Detection` 部分，选择刚刚创建的威胁检测策略（例如，Default_Threat_Policy）。\n11. 保存并应用策略：\n点击 `Save` 按钮保存更改。"
入侵检测场景,F5 Networks BIG-IP ASM (Application Security Manager),如何配置 F5 Networks BIG-IP ASM 的基本网络设置？,,1. 登录到 F5 BIG-IP ASM 管理界面：\n打开浏览器并访问 https://<bigip-ip>\n输入管理员用户名和密码进行登录。\n2. 导航到 `System` > `Network` > `Interfaces`。\n3. 配置管理接口：\n点击 `Self IPs`，选择要配置的 Self IP，点击 `Edit` 按钮。\n4. 输入 IP 地址和子网掩码：\n在 `Address` 字段中输入 IP 地址（例如，192.168.1.10），在 `Netmask` 字段中输入子网掩码（例如，255.255.255.0）。\n5. 配置默认网关：\n导航到 `System` > `Network` > `Routes`，点击 `Create` 按钮，输入网关地址（例如，192.168.1.1）。\n6. 保存并应用设置：\n点击 `Update` 按钮保存更改。\n7. 验证网络连接：\n打开终端并执行 `ping 192.168.1.10`，确认网络连接正常。
入侵检测场景,F5 Networks BIG-IP ASM (Application Security Manager),如何在 F5 Networks BIG-IP ASM 中配置安全策略？,,"1. 登录到 F5 BIG-IP ASM 管理界面：\n打开浏览器并访问 https://<bigip-ip>\n输入管理员用户名和密码进行登录。\n2. 导航到 `Security` > `Application Security` > `Security Policies`。\n3. 创建新的安全策略：\n点击 `Create` 按钮，输入策略名称和描述（例如，Default_Security_Policy 和 默认安全策略）。\n4. 配置策略设置：\n在 `Settings` 部分，选择 `Learn` 或 `Blocking` 模式，配置策略的其他设置（例如，`Learning` 模式用于流量学习，`Blocking` 模式用于阻止攻击）。\n5. 配置策略规则：\n在 `Policy Rules` 部分，添加需要的安全规则（例如，SQL Injection, XSS）。\n6. 保存并应用策略：\n点击 `Save` 按钮保存策略配置。\n7. 将安全策略应用到虚拟服务器：\n导航到 `Local Traffic` > `Virtual Servers`，选择要应用策略的虚拟服务器，点击 `Resources` > `Security Policies`，选择刚刚创建的安全策略。\n8. 保存并应用设置：\n点击 `Update` 按钮保存更改。"
入侵检测场景,F5 Networks BIG-IP ASM (Application Security Manager),如何在 F5 Networks BIG-IP ASM 中配置日志设置？,,"1. 登录到 F5 BIG-IP ASM 管理界面：\n打开浏览器并访问 https://<bigip-ip>\n输入管理员用户名和密码进行登录。\n2. 导航到 `System` > `Logs` > `Configuration`。\n3. 配置日志目的地：\n在 `Log Destination` 部分，选择 `Syslog`，输入 Syslog 服务器的地址（例如，192.168.1.100）。\n4. 配置日志级别：\n在 `Log Level` 部分，选择需要的日志级别（例如，`Informational`, `Warning`, `Error`）。\n5. 配置日志类型：\n在 `Log Categories` 部分，选择需要记录的日志类型（例如，`Event`, `Traffic`, `Security`）。\n6. 保存并应用设置：\n点击 `Update` 按钮保存配置。\n7. 验证日志记录：\n导航到 `System` > `Logs` > `Log View`，检查日志是否正常记录。"
入侵检测场景,F5 Networks BIG-IP ASM (Application Security Manager),如何在 F5 Networks BIG-IP ASM 中配置用户认证？,,"""1. 登录到 F5 BIG-IP ASM 管理界面：\n打开浏览器并访问 https://<bigip-ip>\n输入管理员用户名和密码进行登录。\n2. 导航到 `System` > `Users` > `User Accounts`。\n3. 添加新的用户：\n点击 `Create` 按钮。\n4. 输入用户信息：\n在 `User Name` 字段中输入用户名，在 `Password` 和 `Confirm Password` 字段中输入密码。\n5. 配置用户角色：\n在 `Roles` 部分，选择用户角色（例如，`Administrator`, `Editor`）。\n6. 保存并应用设置：\n点击 `Save` 按钮保存用户配置。\n7. 验证用户认证：\n注销并使用新用户凭据重新登录管理界面，确认用户认证配置正常。"""
入侵检测场景,F5 Networks BIG-IP ASM (Application Security Manager),如何在 F5 Networks BIG-IP ASM 中配置应用服务？,,"""1. 登录到 F5 BIG-IP ASM 管理界面：\n打开浏览器并访问 https://<bigip-ip>\n输入管理员用户名和密码进行登录。\n2. 导航到 `Local Traffic` > `iRules`。\n3. 创建新的 iRule：\n点击 `Create` 按钮，输入 iRule 名称和描述（例如，`App_Service_iRule` 和 用于应用服务的 iRule）。\n4. 编写 iRule 脚本：\n在 `Definition` 字段中输入 iRule 脚本（例如，`when HTTP_REQUEST { log local0. ""Request from [IP::client_addr]"" }`）。\n5. 保存并应用 iRule：\n点击 `Finished` 按钮保存 iRule 配置。\n6. 将 iRule 应用到虚拟服务器：\n导航到 `Local Traffic` > `Virtual Servers`，选择要应用 iRule 的虚拟服务器，点击 `Resources` > `iRules`，选择刚刚创建的 iRule。\n7. 保存并应用设置：\n点击 `Update` 按钮保存更改。"""
入侵检测场景,Radware DefensePro,如何配置 Radware DefensePro 的基本网络设置？,,1. 登录到 Radware DefensePro 管理界面：\n打开浏览器并访问 https://<defensepro-ip>\n输入管理员用户名和密码进行登录。\n2. 导航到 `System` > `Network`。\n3. 配置接口 IP 地址：\n在 `Interfaces` 部分，选择要配置的接口，点击 `Edit` 按钮。\n4. 输入 IP 地址和子网掩码：\n在 `IP Address` 字段中输入 IP 地址（例如，192.168.1.10），在 `Subnet Mask` 字段中输入子网掩码（例如，255.255.255.0）。\n5. 配置默认网关：\n在 `Routing` 部分，点击 `Edit` 按钮，输入网关地址（例如，192.168.1.1）。\n6. 保存并应用设置：\n点击 `Apply` 按钮保存更改。\n7. 验证网络连接：\n打开终端并执行 `ping 192.168.1.10`，确认网络连接正常。" }
入侵检测场景,Radware DefensePro,如何在 Radware DefensePro 中配置安全策略？,,"1. 登录到 Radware DefensePro 管理界面：\n打开浏览器并访问 https://<defensepro-ip>\n输入管理员用户名和密码进行登录。\n2. 导航到 `Protection` > `Policies`。\n3. 创建新的安全策略：\n点击 `Create Policy` 按钮，输入策略名称和描述（例如，`Default_Security_Policy` 和 `默认安全策略`）。\n4. 配置策略设置：\n在 `Policy Settings` 部分，选择需要的防护模式（例如，`Protect` 或 `Monitor`）。\n5. 配置策略规则：\n在 `Rules` 部分，添加需要的安全规则（例如，`DDoS Protection`, `Bot Protection`）。\n6. 保存并应用策略：\n点击 `Save` 按钮保存策略配置。\n7. 将安全策略应用到保护的流量：\n导航到 `Traffic` > `Services`，选择需要应用策略的服务，点击 `Edit` 按钮，选择刚刚创建的安全策略。\n8. 保存并应用设置：\n点击 `Apply` 按钮保存更改。"" }"
入侵检测场景,Radware DefensePro,如何在 Radware DefensePro 中配置日志设置？,,"1. 登录到 Radware DefensePro 管理界面：\n打开浏览器并访问 https://<defensepro-ip>\n输入管理员用户名和密码进行登录。\n2. 导航到 `System` > `Logging`。\n3. 配置日志目的地：\n在 `Log Destination` 部分，选择 `Syslog`，输入 Syslog 服务器的地址（例如，192.168.1.100）。\n4. 配置日志级别：\n在 `Log Level` 部分，选择需要的日志级别（例如，`Information`, `Warning`, `Error`）。\n5. 配置日志类型：\n在 `Log Categories` 部分，选择需要记录的日志类型（例如，`Event`, `Attack`, `Traffic`）。\n6. 保存并应用设置：\n点击 `Apply` 按钮保存配置。\n7. 验证日志记录：\n导航到 `Logs`，检查是否正常记录日志。"
入侵检测场景,Radware DefensePro,如何在 Radware DefensePro 中配置用户认证？,,"1. 登录到 Radware DefensePro 管理界面：\n打开浏览器并访问 https://<defensepro-ip>\n输入管理员用户名和密码进行登录。\n2. 导航到 `System` > `Users`。\n3. 添加新的用户：\n点击 `Add User` 按钮。\n4. 输入用户信息：\n在 `Username` 字段中输入用户名，在 `Password` 和 `Confirm Password` 字段中输入密码。\n5. 配置用户角色：\n在 `Role` 部分，选择用户角色（例如，`Administrator`, `Operator`）。\n6. 保存并应用设置：\n点击 `Save` 按钮保存用户配置。\n7. 验证用户认证：\n注销并使用新用户凭据重新登录管理界面，确认用户认证配置正常。"
入侵检测场景,Radware DefensePro,如何在 Radware DefensePro 中配置应用服务？,,"1. 登录到 Radware DefensePro 管理界面：\n打开浏览器并访问 https://<defensepro-ip>\n输入管理员用户名和密码进行登录。\n2. 导航到 `Services` > `Application Services`。\n3. 创建新的应用服务：\n点击 `Add Service` 按钮，输入服务名称和描述（例如，`App_Service_1` 和 `应用服务 1`）。\n4. 配置应用服务设置：\n在 `Settings` 部分，配置服务的 IP 地址和端口（例如，`192.168.1.10:80`）。\n5. 配置流量监控：\n在 `Traffic Monitoring` 部分，选择需要监控的流量类型（例如，`HTTP`, `HTTPS`）。\n6. 配置防护策略：\n在 `Protection` 部分，选择已创建的安全策略（例如，`Default_Security_Policy`）。\n7. 保存并应用服务配置：\n点击 `Save` 按钮保存配置。\n8. 验证服务运行：\n导航到 `Dashboard`，查看应用服务的运行状态，确认配置正确。"
入侵检测场景,WatchGuard Intrusion Prevention Service,如何配置 WatchGuard Intrusion Prevention Service 的基本网络设置？,,1. 登录到 WatchGuard 管理界面：\n打开浏览器并访问 https://<watchguard-ip>\n输入管理员用户名和密码进行登录。\n2. 导航到 `Network` > `Interfaces`。\n3. 配置接口 IP 地址：\n选择要配置的接口，点击 `Edit` 按钮。\n4. 输入 IP 地址和子网掩码：\n在 `IP Address` 字段中输入 IP 地址（例如，192.168.1.10），在 `Subnet Mask` 字段中输入子网掩码（例如，255.255.255.0）。\n5. 配置默认网关：\n导航到 `Network` > `Routing`，点击 `Add` 按钮，输入网关地址（例如，192.168.1.1）。\n6. 保存并应用设置：\n点击 `Save` 按钮保存更改。\n7. 验证网络连接：\n打开终端并执行 `ping 192.168.1.10`，确认网络连接正常。
入侵检测场景,WatchGuard Intrusion Prevention Service,如何在 WatchGuard Intrusion Prevention Service 中配置安全策略？,,"1. 登录到 WatchGuard 管理界面：\n打开浏览器并访问 https://<watchguard-ip>\n输入管理员用户名和密码进行登录。\n2. 导航到 `Firewall` > `Policy Manager`。\n3. 创建新的安全策略：\n点击 `Add Policy` 按钮，输入策略名称和描述（例如，`Default_Security_Policy` 和 `默认安全策略`）。\n4. 配置策略设置：\n在 `Policy` 部分，选择 `IPS` 作为策略类型。\n5. 配置策略规则：\n在 `Rules` 部分，添加需要的安全规则（例如，`SQL Injection Protection`, `DDoS Protection`）。\n6. 保存并应用策略：\n点击 `Save` 按钮保存策略配置。\n7. 将安全策略应用到网络流量：\n导航到 `Firewall` > `Policies`，选择需要应用策略的流量，点击 `Edit` 按钮，选择刚刚创建的安全策略。\n8. 保存并应用设置：\n点击 `Save` 按钮保存更改。"
入侵检测场景,WatchGuard Intrusion Prevention Service,如何在 WatchGuard Intrusion Prevention Service 中配置日志设置？,,"1. 登录到 WatchGuard 管理界面：\n打开浏览器并访问 https://<watchguard-ip>\n输入管理员用户名和密码进行登录。\n2. 导航到 `System` > `Log Settings`。\n3. 配置日志目的地：\n在 `Log Destinations` 部分，选择 `Syslog`，输入 Syslog 服务器的地址（例如，192.168.1.100）。\n4. 配置日志级别：\n在 `Log Level` 部分，选择需要的日志级别（例如，`Information`, `Warning`, `Error`）。\n5. 配置日志类型：\n在 `Log Categories` 部分，选择需要记录的日志类型（例如，`Event`, `Traffic`, `Security`）。\n6. 保存并应用设置：\n点击 `Save` 按钮保存配置。\n7. 验证日志记录：\n导航到 `System` > `Logs`，检查是否正常记录日志。"
入侵检测场景,WatchGuard Intrusion Prevention Service,如何在 WatchGuard Intrusion Prevention Service 中配置用户认证？,,"1. 登录到 WatchGuard 管理界面：\n打开浏览器并访问 https://<watchguard-ip>\n输入管理员用户名和密码进行登录。\n2. 导航到 `System` > `Users`。\n3. 添加新的用户：\n点击 `Add User` 按钮。\n4. 输入用户信息：\n在 `Username` 字段中输入用户名，在 `Password` 和 `Confirm Password` 字段中输入密码。\n5. 配置用户角色：\n在 `Roles` 部分，选择用户角色（例如，`Administrator`, `Operator`）。\n6. 保存并应用设置：\n点击 `Save` 按钮保存用户配置。\n7. 验证用户认证：\n注销并使用新用户凭据重新登录管理界面，确认用户认证配置正常。"
入侵检测场景,WatchGuard Intrusion Prevention Service,如何在 WatchGuard Intrusion Prevention Service 中配置应用服务？,,"1. 登录到 WatchGuard 管理界面：\n打开浏览器并访问 https://<watchguard-ip>\n输入管理员用户名和密码进行登录。\n2. 导航到 `Firewall` > `Application Control`。\n3. 创建新的应用服务：\n点击 `Add Application` 按钮，输入服务名称和描述（例如，`App_Service_1` 和 `应用服务 1`）。\n4. 配置应用服务设置：\n在 `Settings` 部分，配置服务的 IP 地址和端口（例如，`192.168.1.10:80`）。\n5. 配置应用服务规则：\n在 `Rules` 部分，添加需要的应用规则（例如，`Allow HTTP`, `Deny FTP`）。\n6. 保存并应用服务配置：\n点击 `Save` 按钮保存配置。\n7. 验证服务运行：\n导航到 `Dashboard`，查看应用服务的运行状态，确认配置正确。"""
入侵检测场景,Forcepoint Next Generation Firewall IPS,如何配置 Forcepoint Next Generation Firewall 的基本网络设置？,,"""1. 登录到 Forcepoint NGFW 管理界面：\n打开浏览器并访问 https://<forcepoint-ngfw-ip>\n输入管理员用户名和密码进行登录。\n2. 导航到 `Network` > `Interfaces`。\n3. 配置接口 IP 地址：\n选择要配置的接口，点击 `Edit` 按钮。\n4. 输入 IP 地址和子网掩码：\n在 `IP Address` 字段中输入 IP 地址（例如，192.168.1.10），在 `Subnet Mask` 字段中输入子网掩码（例如，255.255.255.0）。\n5. 配置默认网关：\n导航到 `Network` > `Routing`，点击 `Add` 按钮，输入网关地址（例如，192.168.1.1）。\n6. 保存并应用设置：\n点击 `Save` 按钮保存更改。\n7. 验证网络连接：\n打开终端并执行 `ping 192.168.1.10`，确认网络连接正常。"" }"
入侵检测场景,Forcepoint Next Generation Firewall IPS,如何在 Forcepoint Next Generation Firewall 中配置 IPS 安全策略？",,"1. 登录到 Forcepoint NGFW 管理界面：\n打开浏览器并访问 https://<forcepoint-ngfw-ip>\n输入管理员用户名和密码进行登录。\n2. 导航到 `Security` > `Intrusion Prevention`。\n3. 创建新的 IPS 策略：\n点击 `Add Policy` 按钮，输入策略名称和描述（例如，`Default_IPS_Policy` 和 `默认 IPS 策略`）。\n4. 配置策略设置：\n在 `Policy Settings` 部分，选择 `IPS` 作为策略类型。\n5. 配置策略规则：\n在 `Rules` 部分，添加需要的安全规则（例如，`SQL Injection Protection`, `Cross-Site Scripting`）。\n6. 保存并应用策略：\n点击 `Save` 按钮保存策略配置。\n7. 将 IPS 策略应用到流量：\n导航到 `Policy` > `Traffic`，选择需要应用策略的流量，点击 `Edit` 按钮，选择刚刚创建的 IPS 策略。\n8. 保存并应用设置：\n点击 `Save` 按钮保存更改。"""
入侵检测场景,Forcepoint Next Generation Firewall IPS,如何在 Forcepoint Next Generation Firewall 中配置日志设置？,,"1. 登录到 Forcepoint NGFW 管理界面：\n打开浏览器并访问 https://<forcepoint-ngfw-ip>\n输入管理员用户名和密码进行登录。\n2. 导航到 `System` > `Log Settings`。\n3. 配置日志目的地：\n在 `Log Destinations` 部分，选择 `Syslog`，输入 Syslog 服务器的地址（例如，192.168.1.100）。\n4. 配置日志级别：\n在 `Log Level` 部分，选择需要的日志级别（例如，`Information`, `Warning`, `Critical`）。\n5. 配置日志类型：\n在 `Log Categories` 部分，选择需要记录的日志类型（例如，`Event`, `Traffic`, `Threat`）。\n6. 保存并应用设置：\n点击 `Save` 按钮保存配置。\n7. 验证日志记录：\n导航到 `Logs`，检查是否正常记录日志。"
入侵检测场景,Forcepoint Next Generation Firewall IPS,如何在 Forcepoint Next Generation Firewall 中配置用户认证？,,"1. 登录到 Forcepoint NGFW 管理界面：\n打开浏览器并访问 https://<forcepoint-ngfw-ip>\n输入管理员用户名和密码进行登录。\n2. 导航到 `System` > `Users`。\n3. 添加新的用户：\n点击 `Add User` 按钮。\n4. 输入用户信息：\n在 `Username` 字段中输入用户名，在 `Password` 和 `Confirm Password` 字段中输入密码。\n5. 配置用户角色：\n在 `Roles` 部分，选择用户角色（例如，`Administrator`, `Operator`）。\n6. 保存并应用设置：\n点击 `Save` 按钮保存用户配置。\n7. 验证用户认证：\n注销并使用新用户凭据重新登录管理界面，确认用户认证配置正常。"
入侵检测场景,Forcepoint Next Generation Firewall IPS,如何在 Forcepoint Next Generation Firewall 中配置应用服务？,,"1. 登录到 Forcepoint NGFW 管理界面：\n打开浏览器并访问 https://<forcepoint-ngfw-ip>\n输入管理员用户名和密码进行登录。\n2. 导航到 `Applications` > `Application Control`。\n3. 创建新的应用服务：\n点击 `Add Application` 按钮，输入服务名称和描述（例如，`App_Service_1` 和 `应用服务 1`）。\n4. 配置应用服务设置：\n在 `Settings` 部分，配置服务的 IP 地址和端口（例如，`192.168.1.10:80`）。\n5. 配置应用服务规则：\n在 `Rules` 部分，添加需要的应用规则（例如，`Allow HTTP`, `Deny FTP`）。\n6. 保存并应用服务配置：\n点击 `Save` 按钮保存配置。\n7. 验证服务运行：\n导航到 `Dashboard`，查看应用服务的运行状态，确认配置正确。"""
入侵检测场景,Bitdefender GravityZone Security for Network,如何配置 Bitdefender GravityZone Security for Network 的基本网络设置？,,1. 登录到 Bitdefender GravityZone 管理界面：\n打开浏览器并访问 https://<bitdefender-ip>\n输入管理员用户名和密码进行登录。\n2. 导航到 `Network` > `Network Configuration`。\n3. 配置网络接口：\n选择要配置的网络接口，点击 `Edit` 按钮。\n4. 输入 IP 地址和子网掩码：\n在 `IP Address` 字段中输入 IP 地址（例如，192.168.1.10），在 `Subnet Mask` 字段中输入子网掩码（例如，255.255.255.0）。\n5. 配置默认网关：\n在 `Default Gateway` 字段中输入网关地址（例如，192.168.1.1）。\n6. 保存并应用设置：\n点击 `Save` 按钮保存更改。\n7. 验证网络连接：\n打开终端并执行 `ping 192.168.1.10`，确认网络连接正常。"
入侵检测场景,Bitdefender GravityZone Security for Network,如何在 Bitdefender GravityZone Security for Network 中配置安全策略？,,"1. 登录到 Bitdefender GravityZone 管理界面：\n打开浏览器并访问 https://<bitdefender-ip>\n输入管理员用户名和密码进行登录。\n2. 导航到 `Policies` > `Security Policies`。\n3. 创建新的安全策略：\n点击 `Add Policy` 按钮，输入策略名称和描述（例如，`Default_Security_Policy` 和 `默认安全策略`）。\n4. 配置策略设置：\n在 `Policy Settings` 部分，选择 `Network Security` 作为策略类型。\n5. 配置策略规则：\n在 `Rules` 部分，添加需要的安全规则（例如，`Intrusion Prevention`, `Firewall Rules`）。\n6. 保存并应用策略：\n点击 `Save` 按钮保存策略配置。\n7. 将安全策略应用到网络流量：\n导航到 `Traffic` > `Apply Policy`，选择需要应用策略的流量，点击 `Apply` 按钮。\n8. 保存并应用设置：\n点击 `Save` 按钮保存更改。"""
入侵检测场景,Bitdefender GravityZone Security for Network,如何在 Bitdefender GravityZone Security for Network 中配置日志设置？,,"1. 登录到 Bitdefender GravityZone 管理界面：\n打开浏览器并访问 https://<bitdefender-ip>\n输入管理员用户名和密码进行登录。\n2. 导航到 `Logs` > `Log Settings`。\n3. 配置日志目的地：\n在 `Log Destinations` 部分，选择 `Syslog`，输入 Syslog 服务器的地址（例如，192.168.1.100）。\n4. 配置日志级别：\n在 `Log Level` 部分，选择需要的日志级别（例如，`Information`, `Warning`, `Critical`）。\n5. 配置日志类型：\n在 `Log Categories` 部分，选择需要记录的日志类型（例如，`Event`, `Traffic`, `Threat`）。\n6. 保存并应用设置：\n点击 `Save` 按钮保存配置。\n7. 验证日志记录：\n导航到 `Logs`，检查是否正常记录日志。"""
入侵检测场景,Bitdefender GravityZone Security for Network,如何在 Bitdefender GravityZone Security for Network 中配置用户认证？,,"1. 登录到 Bitdefender GravityZone 管理界面：\n打开浏览器并访问 https://<bitdefender-ip>\n输入管理员用户名和密码进行登录。\n2. 导航到 `Users` > `User Management`。\n3. 添加新的用户：\n点击 `Add User` 按钮。\n4. 输入用户信息：\n在 `Username` 字段中输入用户名，在 `Password` 和 `Confirm Password` 字段中输入密码。\n5. 配置用户角色：\n在 `Roles` 部分，选择用户角色（例如，`Administrator`, `Operator`）。\n6. 保存并应用设置：\n点击 `Save` 按钮保存用户配置。\n7. 验证用户认证：\n注销并使用新用户凭据重新登录管理界面，确认用户认证配置正常。"
入侵检测场景,Bitdefender GravityZone Security for Network,如何在 Bitdefender GravityZone Security for Network 中配置应用服务？,,"1. 登录到 Bitdefender GravityZone 管理界面：\n打开浏览器并访问 https://<bitdefender-ip>\n输入管理员用户名和密码进行登录。\n2. 导航到 `Applications` > `Application Control`。\n3. 创建新的应用服务：\n点击 `Add Application` 按钮，输入服务名称和描述（例如，`App_Service_1` 和 `应用服务 1`）。\n4. 配置应用服务设置：\n在 `Settings` 部分，配置服务的 IP 地址和端口（例如，`192.168.1.10:80`）。\n5. 配置应用服务规则：\n在 `Rules` 部分，添加需要的应用规则（例如，`Allow HTTP`, `Deny FTP`）。\n6. 保存并应用服务配置：\n点击 `Save` 按钮保存配置。\n7. 验证服务运行：\n导航到 `Dashboard`，查看应用服务的运行状态，确认配置正确。"
入侵检测场景,Sophos XG Firewall IPS,如何配置 Sophos XG Firewall 的基本网络设置？,,1. 登录到 Sophos XG Firewall 管理界面：\n打开浏览器并访问 https://<sophos-xg-ip>\n输入管理员用户名和密码进行登录。\n2. 导航到 `Network` > `Interfaces`。\n3. 配置接口 IP 地址：\n选择要配置的接口，点击 `Edit` 按钮。\n4. 输入 IP 地址和子网掩码：\n在 `IP Address` 字段中输入 IP 地址（例如，192.168.1.10），在 `Subnet Mask` 字段中输入子网掩码（例如，255.255.255.0）。\n5. 配置默认网关：\n导航到 `Network` > `Routing`，点击 `Add` 按钮，输入网关地址（例如，192.168.1.1）。\n6. 保存并应用设置：\n点击 `Save` 按钮保存更改。\n7. 验证网络连接：\n打开终端并执行 `ping 192.168.1.10`，确认网络连接正常。
入侵检测场景,Sophos XG Firewall IPS,如何在 Sophos XG Firewall 中配置 IPS 策略？,,"1. 登录到 Sophos XG Firewall 管理界面：\n打开浏览器并访问 https://<sophos-xg-ip>\n输入管理员用户名和密码进行登录。\n2. 导航到 `Network Protection` > `Intrusion Prevention`。\n3. 创建新的 IPS 策略：\n点击 `Add Policy` 按钮，输入策略名称和描述（例如，`Default_IPS_Policy` 和 `默认 IPS 策略`）。\n4. 配置策略设置：\n在 `Policy Settings` 部分，选择 `IPS` 作为策略类型。\n5. 配置策略规则：\n在 `Rules` 部分，添加需要的安全规则（例如，`SQL Injection Protection`, `Cross-Site Scripting`）。\n6. 保存并应用策略：\n点击 `Save` 按钮保存策略配置。\n7. 将 IPS 策略应用到流量：\n导航到 `Rules and Policies` > `Firewall Rules`，选择需要应用策略的流量规则，点击 `Edit` 按钮，选择刚刚创建的 IPS 策略。\n8. 保存并应用设置：\n点击 `Save` 按钮保存更改。"
入侵检测场景,Sophos XG Firewall IPS,如何在 Sophos XG Firewall 中配置日志设置？,,"1. 登录到 Sophos XG Firewall 管理界面：\n打开浏览器并访问 https://<sophos-xg-ip>\n输入管理员用户名和密码进行登录。\n2. 导航到 `Log Viewer` > `Log Settings`。\n3. 配置日志目的地：\n在 `Log Destinations` 部分，选择 `Syslog`，输入 Syslog 服务器的地址（例如，192.168.1.100）。\n4. 配置日志级别：\n在 `Log Level` 部分，选择需要的日志级别（例如，`Information`, `Warning`, `Critical`）。\n5. 配置日志类型：\n在 `Log Categories` 部分，选择需要记录的日志类型（例如，`Event`, `Traffic`, `Threat`）。\n6. 保存并应用设置：\n点击 `Save` 按钮保存配置。\n7. 验证日志记录：\n导航到 `Log Viewer`，检查是否正常记录日志。"
入侵检测场景,Sophos XG Firewall IPS,如何在 Sophos XG Firewall 中配置用户认证？,,"1. 登录到 Sophos XG Firewall 管理界面：\n打开浏览器并访问 https://<sophos-xg-ip>\n输入管理员用户名和密码进行登录。\n2. 导航到 `Admin` > `Admin Settings`。\n3. 添加新的用户：\n点击 `Add User` 按钮。\n4. 输入用户信息：\n在 `Username` 字段中输入用户名，在 `Password` 和 `Confirm Password` 字段中输入密码。\n5. 配置用户角色：\n在 `Roles` 部分，选择用户角色（例如，`Administrator`, `Operator`）。\n6. 保存并应用设置：\n点击 `Save` 按钮保存用户配置。\n7. 验证用户认证：\n注销并使用新用户凭据重新登录管理界面，确认用户认证配置正常。"
入侵检测场景,Sophos XG Firewall IPS,如何在 Sophos XG Firewall 中配置应用服务？,,"1. 登录到 Sophos XG Firewall 管理界面：\n打开浏览器并访问 https://<sophos-xg-ip>\n输入管理员用户名和密码进行登录。\n2. 导航到 `Application Control` > `Application Rules`。\n3. 创建新的应用服务：\n点击 `Add Application Rule` 按钮，输入规则名称和描述（例如，`App_Service_1` 和 `应用服务 1`）。\n4. 配置应用服务设置：\n在 `Settings` 部分，配置服务的 IP 地址和端口（例如，`192.168.1.10:80`）。\n5. 配置应用服务规则：\n在 `Rules` 部分，添加需要的应用规则（例如，`Allow HTTP`, `Deny FTP`）。\n6. 保存并应用服务配置：\n点击 `Save` 按钮保存配置。\n7. 验证服务运行：\n导航到 `Dashboard`，查看应用服务的运行状态，确认配置正确。"
入侵检测场景,Hillstone Networks Intrusion Prevention System,如何配置 Hillstone Networks IPS 的基本网络设置？,,1. 登录到 Hillstone Networks IPS 管理界面：\n打开浏览器并访问 https://<hillstone-ip>\n输入管理员用户名和密码进行登录。\n2. 导航到 `Network` > `Interface`。\n3. 配置网络接口 IP 地址：\n选择要配置的接口，点击 `Edit` 按钮。\n4. 输入 IP 地址和子网掩码：\n在 `IP Address` 字段中输入 IP 地址（例如，192.168.1.10），在 `Subnet Mask` 字段中输入子网掩码（例如，255.255.255.0）。\n5. 配置默认网关：\n导航到 `Network` > `Routing`，点击 `Add` 按钮，输入网关地址（例如，192.168.1.1）。\n6. 保存并应用设置：\n点击 `Save` 按钮保存更改。\n7. 验证网络连接：\n打开终端并执行 `ping 192.168.1.10`，确认网络连接正常。
入侵检测场景,Hillstone Networks Intrusion Prevention System,如何在 Hillstone Networks IPS 中配置入侵防护策略？,,"1. 登录到 Hillstone Networks IPS 管理界面：\n打开浏览器并访问 https://<hillstone-ip>\n输入管理员用户名和密码进行登录。\n2. 导航到 `Security Policy` > `Intrusion Prevention`。\n3. 创建新的入侵防护策略：\n点击 `Add Policy` 按钮，输入策略名称和描述（例如，`Default_IPS_Policy` 和 `默认 IPS 策略`）。\n4. 配置策略设置：\n在 `Policy Settings` 部分，选择 `IPS` 作为策略类型。\n5. 配置策略规则：\n在 `Rules` 部分，添加需要的安全规则（例如，`SQL Injection Protection`, `Cross-Site Scripting`）。\n6. 保存并应用策略：\n点击 `Save` 按钮保存策略配置。\n7. 将 IPS 策略应用到流量：\n导航到 `Traffic` > `Apply Policy`，选择需要应用策略的流量，点击 `Apply` 按钮。\n8. 保存并应用设置：\n点击 `Save` 按钮保存更改。"
入侵检测场景,Hillstone Networks Intrusion Prevention System,如何在 Hillstone Networks IPS 中配置日志设置？,,"1. 登录到 Hillstone Networks IPS 管理界面：\n打开浏览器并访问 https://<hillstone-ip>\n输入管理员用户名和密码进行登录。\n2. 导航到 `Log Management` > `Log Settings`。\n3. 配置日志目的地：\n在 `Log Destinations` 部分，选择 `Syslog`，输入 Syslog 服务器的地址（例如，192.168.1.100）。\n4. 配置日志级别：\n在 `Log Level` 部分，选择需要的日志级别（例如，`Information`, `Warning`, `Critical`）。\n5. 配置日志类型：\n在 `Log Categories` 部分，选择需要记录的日志类型（例如，`Event`, `Traffic`, `Threat`）。\n6. 保存并应用设置：\n点击 `Save` 按钮保存配置。\n7. 验证日志记录：\n导航到 `Log Management`，检查是否正常记录日志。"
入侵检测场景,Hillstone Networks Intrusion Prevention System,如何在 Hillstone Networks IPS 中配置用户认证？,,"1. 登录到 Hillstone Networks IPS 管理界面：\n打开浏览器并访问 https://<hillstone-ip>\n输入管理员用户名和密码进行登录。\n2. 导航到 `Administration` > `User Management`。\n3. 添加新的用户：\n点击 `Add User` 按钮。\n4. 输入用户信息：\n在 `Username` 字段中输入用户名，在 `Password` 和 `Confirm Password` 字段中输入密码。\n5. 配置用户角色：\n在 `Roles` 部分，选择用户角色（例如，`Administrator`, `Operator`）。\n6. 保存并应用设置：\n点击 `Save` 按钮保存用户配置。\n7. 验证用户认证：\n注销并使用新用户凭据重新登录管理界面，确认用户认证配置正常。"
入侵检测场景,Hillstone Networks Intrusion Prevention System,如何在 Hillstone Networks IPS 中配置应用服务？,,"1. 登录到 Hillstone Networks IPS 管理界面：\n打开浏览器并访问 https://<hillstone-ip>\n输入管理员用户名和密码进行登录。\n2. 导航到 `Application Control` > `Application Rules`。\n3. 创建新的应用服务：\n点击 `Add Application Rule` 按钮，输入规则名称和描述（例如，`App_Service_1` 和 `应用服务 1`）。\n4. 配置应用服务设置：\n在 `Settings` 部分，配置服务的 IP 地址和端口（例如，`192.168.1.10:80`）。\n5. 配置应用服务规则：\n在 `Rules` 部分，添加需要的应用规则（例如，`Allow HTTP`, `Deny FTP`）。\n6. 保存并应用服务配置：\n点击 `Save` 按钮保存配置。\n7. 验证服务运行：\n导航到 `Dashboard`，查看应用服务的运行状态，确认配置正确。"
入侵检测场景,NSFOCUS Intrusion Prevention System,如何配置 NSFOCUS IPS 的基本网络设置？,,1. 登录到 NSFOCUS IPS 管理界面：\n打开浏览器并访问 https://<nsfocus-ip>\n输入管理员用户名和密码进行登录。\n2. 导航到 `Network` > `Interfaces`。\n3. 配置网络接口 IP 地址：\n选择要配置的接口，点击 `Edit` 按钮。\n4. 输入 IP 地址和子网掩码：\n在 `IP Address` 字段中输入 IP 地址（例如，192.168.1.10），在 `Subnet Mask` 字段中输入子网掩码（例如，255.255.255.0）。\n5. 配置默认网关：\n导航到 `Network` > `Routing`，点击 `Add` 按钮，输入网关地址（例如，192.168.1.1）。\n6. 保存并应用设置：\n点击 `Save` 按钮保存更改。\n7. 验证网络连接：\n打开终端并执行 `ping 192.168.1.10`，确认网络连接正常。"
入侵检测场景,NSFOCUS Intrusion Prevention System,如何在 NSFOCUS IPS 中配置入侵防护策略？,,"1. 登录到 NSFOCUS IPS 管理界面：\n打开浏览器并访问 https://<nsfocus-ip>\n输入管理员用户名和密码进行登录。\n2. 导航到 `Security Policy` > `Intrusion Prevention`。\n3. 创建新的入侵防护策略：\n点击 `Add Policy` 按钮，输入策略名称和描述（例如，`Default_IPS_Policy` 和 `默认 IPS 策略`）。\n4. 配置策略设置：\n在 `Policy Settings` 部分，选择 `IPS` 作为策略类型。\n5. 配置策略规则：\n在 `Rules` 部分，添加需要的安全规则（例如，`SQL Injection Protection`, `Cross-Site Scripting`）。\n6. 保存并应用策略：\n点击 `Save` 按钮保存策略配置。\n7. 将 IPS 策略应用到流量：\n导航到 `Traffic Management` > `Apply Policy`，选择需要应用策略的流量，点击 `Apply` 按钮。\n8. 保存并应用设置：\n点击 `Save` 按钮保存更改。"
入侵检测场景,NSFOCUS Intrusion Prevention System,如何在 NSFOCUS IPS 中配置日志设置？,,"1. 登录到 NSFOCUS IPS 管理界面：\n打开浏览器并访问 https://<nsfocus-ip>\n输入管理员用户名和密码进行登录。\n2. 导航到 `Log Management` > `Log Settings`。\n3. 配置日志目的地：\n在 `Log Destinations` 部分，选择 `Syslog`，输入 Syslog 服务器的地址（例如，192.168.1.100）。\n4. 配置日志级别：\n在 `Log Level` 部分，选择需要的日志级别（例如，`Information`, `Warning`, `Critical`）。\n5. 配置日志类型：\n在 `Log Categories` 部分，选择需要记录的日志类型（例如，`Event`, `Traffic`, `Threat`）。\n6. 保存并应用设置：\n点击 `Save` 按钮保存配置。\n7. 验证日志记录：\n导航到 `Log Management`，检查是否正常记录日志。"
入侵检测场景,NSFOCUS Intrusion Prevention System,如何在 NSFOCUS IPS 中配置用户认证？,,"1. 登录到 NSFOCUS IPS 管理界面：\n打开浏览器并访问 https://<nsfocus-ip>\n输入管理员用户名和密码进行登录。\n2. 导航到 `Admin` > `User Management`。\n3. 添加新的用户：\n点击 `Add User` 按钮。\n4. 输入用户信息：\n在 `Username` 字段中输入用户名，在 `Password` 和 `Confirm Password` 字段中输入密码。\n5. 配置用户角色：\n在 `Roles` 部分，选择用户角色（例如，`Administrator`, `Operator`）。\n6. 保存并应用设置：\n点击 `Save` 按钮保存用户配置。\n7. 验证用户认证：\n注销并使用新用户凭据重新登录管理界面，确认用户认证配置正常。"
入侵检测场景,NSFOCUS Intrusion Prevention System,如何在 NSFOCUS IPS 中配置应用服务？,,"1. 登录到 NSFOCUS IPS 管理界面：\n打开浏览器并访问 https://<nsfocus-ip>\n输入管理员用户名和密码进行登录。\n2. 导航到 `Application Control` > `Application Rules`。\n3. 创建新的应用服务：\n点击 `Add Application Rule` 按钮，输入规则名称和描述（例如，`App_Service_1` 和 `应用服务 1`）。\n4. 配置应用服务设置：\n在 `Settings` 部分，配置服务的 IP 地址和端口（例如，`192.168.1.10:80`）。\n5. 配置应用服务规则：\n在 `Rules` 部分，添加需要的应用规则（例如，`Allow HTTP`, `Deny FTP`）。\n6. 保存并应用服务配置：\n点击 `Save` 按钮保存配置。\n7. 验证服务运行：\n导航到 `Dashboard`，查看应用服务的运行状态，确认配置正确。"
入侵检测场景,Untangle NG Firewall IPS,如何配置 Untangle NG Firewall 的基本网络设置？,,1. 登录到 Untangle NG Firewall 管理界面：\n打开浏览器并访问 https://<untangle-ip>\n输入管理员用户名和密码进行登录。\n2. 导航到 `Config` > `Network`。\n3. 配置网络接口 IP 地址：\n选择要配置的接口，点击 `Edit` 按钮。\n4. 输入 IP 地址和子网掩码：\n在 `IP Address` 字段中输入 IP 地址（例如，192.168.1.10），在 `Subnet Mask` 字段中输入子网掩码（例如，255.255.255.0）。\n5. 配置默认网关：\n在 `Routing` 部分，输入默认网关地址（例如，192.168.1.1）。\n6. 保存并应用设置：\n点击 `Save` 按钮保存更改。\n7. 验证网络连接：\n打开终端并执行 `ping 192.168.1.10`，确认网络连接正常。
入侵检测场景,Untangle NG Firewall IPS,如何在 Untangle NG Firewall 中配置 IPS 策略？,,"1. 登录到 Untangle NG Firewall 管理界面：\n打开浏览器并访问 https://<untangle-ip>\n输入管理员用户名和密码进行登录。\n2. 导航到 `Apps` > `Intrusion Prevention`。\n3. 启用 IPS 模块：\n点击 `Install` 按钮安装并启用 IPS 模块。\n4. 配置 IPS 策略：\n在 `IPS` 部分，点击 `Configure` 按钮，选择预定义的策略（例如，`Default`）或自定义策略。\n5. 配置检测模式：\n选择检测模式（例如，`Prevent`, `Detect`, `Off`）。\n6. 保存并应用设置：\n点击 `Save` 按钮保存更改。\n7. 验证 IPS 策略：\n导航到 `Reports` > `Intrusion Prevention`，查看是否有检测到的入侵事件。"
入侵检测场景,Untangle NG Firewall IPS,如何在 Untangle NG Firewall 中配置日志设置？,,"1. 登录到 Untangle NG Firewall 管理界面：\n打开浏览器并访问 https://<untangle-ip>\n输入管理员用户名和密码进行登录。\n2. 导航到 `Config` > `Logging`。\n3. 配置日志目的地：\n在 `Log Settings` 部分，输入 Syslog 服务器的地址（例如，192.168.1.100）。\n4. 配置日志级别：\n选择日志级别（例如，`Debug`, `Info`, `Warning`, `Error`）。\n5. 配置日志类型：\n选择需要记录的日志类型（例如，`System Logs`, `Firewall Logs`, `IPS Logs`）。\n6. 保存并应用设置：\n点击 `Save` 按钮保存配置。\n7. 验证日志记录：\n导航到 `Reports`，查看是否有正常记录的日志。"
入侵检测场景,Untangle NG Firewall IPS,如何在 Untangle NG Firewall 中配置用户认证？,,"1. 登录到 Untangle NG Firewall 管理界面：\n打开浏览器并访问 https://<untangle-ip>\n输入管理员用户名和密码进行登录。\n2. 导航到 `Config` > `Users`。\n3. 添加新的用户：\n点击 `Add User` 按钮。\n4. 输入用户信息：\n在 `Username` 字段中输入用户名，在 `Password` 和 `Confirm Password` 字段中输入密码。\n5. 配置用户角色：\n在 `Roles` 部分，选择用户角色（例如，`Admin`, `User`）。\n6. 保存并应用设置：\n点击 `Save` 按钮保存用户配置。\n7. 验证用户认证：\n注销并使用新用户凭据重新登录管理界面，确认用户认证配置正常。"
入侵检测场景,Untangle NG Firewall IPS,如何在 Untangle NG Firewall 中配置应用服务？,,"1. 登录到 Untangle NG Firewall 管理界面：\n打开浏览器并访问 https://<untangle-ip>\n输入管理员用户名和密码进行登录。\n2. 导航到 `Apps` > `App Settings`。\n3. 添加新的应用服务：\n点击 `Add` 按钮，选择要添加的应用服务（例如，`Web Filter`, `Spam Blocker`）。\n4. 配置应用服务设置：\n在应用服务设置页面，配置相关选项（例如，`Enable Web Filter`, `Configure Spam Filter`）。\n5. 保存并应用服务配置：\n点击 `Save` 按钮保存配置。\n6. 验证服务运行：\n导航到 `Dashboard`，查看应用服务的状态，确认配置正确。"
入侵检测场景,AlienVault USM (Unified Security Management),如何配置 AlienVault USM 的网络设置？,,1. 登录到 AlienVault USM 管理界面：\n打开浏览器并访问 https://<usm-ip>\n输入管理员用户名和密码进行登录。\n2. 导航到 `System` > `Network`。\n3. 配置主机 IP 地址：\n选择 `Interfaces` 选项卡，点击要配置的网络接口。\n4. 设置 IP 地址和子网掩码：\n在 `IPv4 Address` 字段中输入 IP 地址（例如，192.168.1.10），在 `Subnet Mask` 字段中输入子网掩码（例如，255.255.255.0）。\n5. 配置默认网关：\n在 `Default Gateway` 字段中输入默认网关地址（例如，192.168.1.1）。\n6. 配置 DNS 服务器：\n在 `DNS` 部分输入主 DNS 和备用 DNS 服务器地址（例如，8.8.8.8 和 8.8.4.4）。\n7. 保存并应用设置：\n点击 `Save` 按钮保存更改。\n8. 验证网络连接：\n打开终端并执行 `ping 192.168.1.10`，确认网络连接正常。"
入侵检测场景,AlienVault USM (Unified Security Management),如何在 AlienVault USM 中配置事件源？,,"1. 登录到 AlienVault USM 管理界面：\n打开浏览器并访问 https://<usm-ip>\n输入管理员用户名和密码进行登录。\n2. 导航到 `Sensors` > `Sensor Configuration`。\n3. 添加新的事件源：\n点击 `Add New` 按钮。\n4. 配置事件源信息：\n在 `Name` 字段中输入事件源名称，在 `IP Address` 字段中输入事件源 IP 地址（例如，192.168.1.20）。\n5. 选择事件源类型：\n在 `Type` 下拉菜单中选择事件源类型（例如，`Firewall`, `Server`, `Application`）。\n6. 配置收集设置：\n选择事件收集级别（例如，`Low`, `Medium`, `High`）。\n7. 保存并应用设置：\n点击 `Save` 按钮保存更改。\n8. 验证事件源配置：\n导航到 `Logs` > `Events`，查看是否有来自新事件源的事件记录。"
入侵检测场景,AlienVault USM (Unified Security Management),如何在 AlienVault USM 中配置报警设置？,,"1. 登录到 AlienVault USM 管理界面：\n打开浏览器并访问 https://<usm-ip>\n输入管理员用户名和密码进行登录。\n2. 导航到 `Configuration` > `Alerting`。\n3. 配置报警接收人：\n在 `Alert Recipients` 部分，点击 `Add` 按钮，输入收件人的电子邮件地址（例如，admin@example.com）。\n4. 配置报警规则：\n在 `Alert Rules` 部分，点击 `Add` 按钮，选择或创建报警规则（例如，`High Severity`, `Critical Events`）。\n5. 配置报警条件：\n设置报警条件和触发阈值（例如，`Number of Events` 大于 `100`）。\n6. 保存并应用设置：\n点击 `Save` 按钮保存更改。\n7. 验证报警功能：\n触发一个测试报警并确认报警邮件是否正常接收。"
入侵检测场景,AlienVault USM (Unified Security Management),如何在 AlienVault USM 中配置资产管理？,,"1. 登录到 AlienVault USM 管理界面：\n打开浏览器并访问 https://<usm-ip>\n输入管理员用户名和密码进行登录。\n2. 导航到 `Assets` > `Asset Management`。\n3. 添加新的资产：\n点击 `Add New Asset` 按钮。\n4. 输入资产信息：\n在 `Asset Name` 字段中输入资产名称，在 `IP Address` 字段中输入资产 IP 地址（例如，192.168.1.30）。\n5. 配置资产类型：\n在 `Type` 下拉菜单中选择资产类型（例如，`Server`, `Workstation`, `Network Device`）。\n6. 配置资产标签：\n在 `Tags` 字段中输入标签（例如，`Critical`, `Database Server`）。\n7. 保存并应用设置：\n点击 `Save` 按钮保存更改。\n8. 验证资产记录：\n导航到 `Assets` > `Asset List`，查看新添加的资产是否显示在列表中。"
入侵检测场景,AlienVault USM (Unified Security Management),如何在 AlienVault USM 中配置报告设置？,,"1. 登录到 AlienVault USM 管理界面：\n打开浏览器并访问 https://<usm-ip>\n输入管理员用户名和密码进行登录。\n2. 导航到 `Reports` > `Report Configuration`。\n3. 创建新的报告：\n点击 `Create Report` 按钮。\n4. 配置报告参数：\n在 `Report Name` 字段中输入报告名称，在 `Report Type` 下拉菜单中选择报告类型（例如，`Summary Report`, `Detailed Report`）。\n5. 配置报告时间范围：\n设置报告时间范围（例如，`Last 24 Hours`, `Last 7 Days`）。\n6. 配置报告接收人：\n在 `Recipients` 字段中输入接收人电子邮件地址（例如，admin@example.com）。\n7. 保存并生成报告：\n点击 `Save` 按钮保存设置，并点击 `Generate Report` 按钮生成报告。\n8. 验证报告生成：\n导航到 `Reports` > `Generated Reports`，查看生成的报告是否正常。"
入侵检测场景,Clavister NetWall IPS,如何配置 AlienVault USM 的基本网络设置？,,1. 登录到 AlienVault USM 管理界面：\n打开浏览器并访问 https://<alienvault-ip>\n输入管理员用户名和密码进行登录。\n2. 导航到 `System` > `Network`。\n3. 配置网络接口 IP 地址：\n选择要配置的接口，点击 `Edit` 按钮。\n4. 输入 IP 地址和子网掩码：\n在 `IP Address` 字段中输入 IP 地址（例如，192.168.1.10），在 `Subnet Mask` 字段中输入子网掩码（例如，255.255.255.0）。\n5. 配置默认网关：\n在 `Default Gateway` 字段中输入默认网关地址（例如，192.168.1.1）。\n6. 配置 DNS 服务器：\n在 `DNS` 部分输入主 DNS 和备用 DNS 服务器地址（例如，8.8.8.8 和 8.8.4.4）。\n7. 保存并应用设置：\n点击 `Save` 按钮保存更改。\n8. 验证网络连接：\n打开终端并执行 `ping 192.168.1.10`，确认网络连接正常。
入侵检测场景,Clavister NetWall IPS,如何在 AlienVault USM 中配置入侵检测系统 (IDS)？,,1. 登录到 AlienVault USM 管理界面：\n打开浏览器并访问 https://<alienvault-ip>\n输入管理员用户名和密码进行登录。\n2. 导航到 `Sensors` > `Sensor Configuration`。\n3. 添加新的传感器：\n点击 `Add Sensor` 按钮，输入传感器名称和描述。\n4. 配置传感器设置：\n选择传感器类型（例如，`Snort IDS`），配置 IP 地址和网络接口。\n5. 配置传感器规则：\n在 `Rules` 部分，选择默认规则集或自定义规则集。\n6. 保存并应用设置：\n点击 `Save` 按钮保存配置。\n7. 验证 IDS 功能：\n导航到 `Reports`，查看 IDS 检测到的事件和日志。
入侵检测场景,Clavister NetWall IPS,如何在 AlienVault USM 中配置日志设置？,,"1. 登录到 AlienVault USM 管理界面：\n打开浏览器并访问 https://<alienvault-ip>\n输入管理员用户名和密码进行登录。\n2. 导航到 `Configuration` > `Log Settings`。\n3. 配置日志目的地：\n在 `Log Destinations` 部分，输入 Syslog 服务器的地址（例如，192.168.1.100）。\n4. 配置日志级别：\n选择日志级别（例如，`Info`, `Warning`, `Error`）。\n5. 配置日志类型：\n选择需要记录的日志类型（例如，`System Logs`, `Application Logs`, `Security Logs`）。\n6. 保存并应用设置：\n点击 `Save` 按钮保存配置。\n7. 验证日志记录：\n导航到 `Logs`，查看是否正常记录日志。"
入侵检测场景,Clavister NetWall IPS,如何在 AlienVault USM 中配置用户认证？,,"1. 登录到 AlienVault USM 管理界面：\n打开浏览器并访问 https://<alienvault-ip>\n输入管理员用户名和密码进行登录。\n2. 导航到 `Configuration` > `User Management`。\n3. 添加新的用户：\n点击 `Add User` 按钮。\n4. 输入用户信息：\n在 `Username` 字段中输入用户名，在 `Password` 和 `Confirm Password` 字段中输入密码。\n5. 配置用户角色：\n在 `Roles` 部分，选择用户角色（例如，`Admin`, `Analyst`）。\n6. 保存并应用设置：\n点击 `Save` 按钮保存用户配置。\n7. 验证用户认证：\n注销并使用新用户凭据重新登录管理界面，确认用户认证配置正常。"
入侵检测场景,Clavister NetWall IPS,如何在 AlienVault USM 中配置资产管理？,,"1. 登录到 AlienVault USM 管理界面：\n打开浏览器并访问 https://<alienvault-ip>\n输入管理员用户名和密码进行登录。\n2. 导航到 `Assets` > `Asset Management`。\n3. 添加新的资产：\n点击 `Add Asset` 按钮，输入资产名称和描述。\n4. 配置资产信息：\n输入资产的 IP 地址、资产类型和其他相关信息（例如，`Server`, `Workstation`）。\n5. 关联资产组：\n将资产关联到相应的资产组（例如，`Production`, `Development`）。\n6. 保存并应用设置：\n点击 `Save` 按钮保存配置。\n7. 验证资产管理：\n导航到 `Assets`，查看资产是否已成功添加并配置。"
入侵检测场景,WatchGuard Firebox IPS,如何配置 WatchGuard Firebox 的基本网络设置？,,1. 登录到 WatchGuard Firebox 管理界面：\n打开浏览器并访问 https://<firebox-ip>\n输入管理员用户名和密码进行登录。\n2. 导航到 `Network` > `Interfaces`。\n3. 配置网络接口 IP 地址：\n选择要配置的接口，点击 `Edit` 按钮。\n4. 输入 IP 地址和子网掩码：\n在 `IP Address` 字段中输入 IP 地址（例如，192.168.1.10），在 `Subnet Mask` 字段中输入子网掩码（例如，255.255.255.0）。\n5. 配置默认网关：\n在 `Default Gateway` 字段中输入默认网关地址（例如，192.168.1.1）。\n6. 配置 DNS 服务器：\n在 `DNS` 部分输入主 DNS 和备用 DNS 服务器地址（例如，8.8.8.8 和 8.8.4.4）。\n7. 保存并应用设置：\n点击 `Save` 按钮保存更改。\n8. 验证网络连接：\n打开终端并执行 `ping 192.168.1.10`，确认网络连接正常。"
入侵检测场景,WatchGuard Firebox IPS,如何在 WatchGuard Firebox 中配置 IPS 策略？,,"1. 登录到 WatchGuard Firebox 管理界面：\n打开浏览器并访问 https://<firebox-ip>\n输入管理员用户名和密码进行登录。\n2. 导航到 `Security Services` > `Intrusion Prevention`。\n3. 启用 IPS 服务：\n在 `Intrusion Prevention` 页面，点击 `Enable` 按钮。\n4. 配置 IPS 策略：\n在 `IPS Settings` 部分，选择 `Policy` 下拉菜单中的策略（例如，`Default`, `High Security`）。\n5. 配置规则集：\n点击 `Edit` 按钮，选择或自定义规则集，配置检测级别和响应操作。\n6. 保存并应用设置：\n点击 `Save` 按钮保存更改。\n7. 验证 IPS 功能：\n导航到 `Logs` > `Intrusion Prevention`，查看是否有检测到的入侵事件。"" }"
入侵检测场景,WatchGuard Firebox IPS,如何在 WatchGuard Firebox 中配置日志设置？,,"""1. 登录到 WatchGuard Firebox 管理界面：\n打开浏览器并访问 https://<firebox-ip>\n输入管理员用户名和密码进行登录。\n2. 导航到 `System` > `Log Settings`。\n3. 配置日志目的地：\n在 `Log Destinations` 部分，输入 Syslog 服务器的地址（例如，192.168.1.100）。\n4. 配置日志级别：\n选择日志级别（例如，`Info`, `Warning`, `Error`）。\n5. 配置日志类型：\n选择需要记录的日志类型（例如，`System Logs`, `Traffic Logs`, `Security Logs`）。\n6. 保存并应用设置：\n点击 `Save` 按钮保存配置。\n7. 验证日志记录：\n导航到 `Reports`，查看是否正常记录日志。"""
入侵检测场景,WatchGuard Firebox IPS,如何在 WatchGuard Firebox 中配置用户认证？,,"1. 登录到 WatchGuard Firebox 管理界面：\n打开浏览器并访问 https://<firebox-ip>\n输入管理员用户名和密码进行登录。\n2. 导航到 `Users` > `User Management`。\n3. 添加新的用户：\n点击 `Add User` 按钮。\n4. 输入用户信息：\n在 `Username` 字段中输入用户名，在 `Password` 和 `Confirm Password` 字段中输入密码。\n5. 配置用户角色：\n在 `Roles` 部分，选择用户角色（例如，`Admin`, `User`）。\n6. 保存并应用设置：\n点击 `Save` 按钮保存用户配置。\n7. 验证用户认证：\n注销并使用新用户凭据重新登录管理界面，确认用户认证配置正常。"
入侵检测场景,WatchGuard Firebox IPS,如何在 WatchGuard Firebox 中配置应用控制？,,"1. 登录到 WatchGuard Firebox 管理界面：\n打开浏览器并访问 https://<firebox-ip>\n输入管理员用户名和密码进行登录。\n2. 导航到 `Security Services` > `Application Control`。\n3. 启用应用控制：\n在 `Application Control` 页面，点击 `Enable` 按钮。\n4. 配置应用控制策略：\n在 `Policy` 部分，选择或创建应用控制策略（例如，`Block P2P`, `Allow Office Applications`）。\n5. 配置规则：\n点击 `Edit` 按钮，选择或自定义规则，配置应用类型和访问权限。\n6. 保存并应用设置：\n点击 `Save` 按钮保存更改。\n7. 验证应用控制：\n导航到 `Reports` > `Application Control`，查看是否有应用控制策略生效的记录。"
入侵检测场景,Cisco Firepower NGIPS,如何配置 Cisco Firepower NGIPS 的基本网络设置？,,1. 登录到 Cisco Firepower NGIPS 管理界面：\n打开浏览器并访问 https://<firepower-ip>\n输入管理员用户名和密码进行登录。\n2. 导航到 `Devices` > `Device Management`。\n3. 配置网络接口 IP 地址：\n选择要配置的接口，点击 `Edit` 按钮。\n4. 输入 IP 地址和子网掩码：\n在 `IPv4 Address` 字段中输入 IP 地址（例如，192.168.1.10），在 `Subnet Mask` 字段中输入子网掩码（例如，255.255.255.0）。\n5. 配置默认网关：\n在 `Default Gateway` 字段中输入默认网关地址（例如，192.168.1.1）。\n6. 配置 DNS 服务器：\n在 `DNS` 部分输入主 DNS 和备用 DNS 服务器地址（例如，8.8.8.8 和 8.8.4.4）。\n7. 保存并应用设置：\n点击 `Save` 按钮保存更改。\n8. 验证网络连接：\n打开终端并执行 `ping 192.168.1.10`，确认网络连接正常。
入侵检测场景,Cisco Firepower NGIPS,如何在 Cisco Firepower NGIPS 中配置入侵检测策略？,,"1. 登录到 Cisco Firepower NGIPS 管理界面：\n打开浏览器并访问 https://<firepower-ip>\n输入管理员用户名和密码进行登录。\n2. 导航到 `Policies` > `Access Control Policy`。\n3. 选择或创建新的策略：\n点击 `Add` 按钮创建新的策略或选择现有策略。\n4. 配置入侵检测规则：\n在 `Rules` 部分，点击 `Edit` 按钮，选择或添加入侵检测规则。\n5. 配置策略选项：\n在 `Policy` 设置中，选择入侵检测模式（例如，`Prevent`, `Detect`），并设置响应动作（例如，`Block`, `Alert`）。\n6. 保存并应用设置：\n点击 `Save` 按钮保存更改。\n7. 验证策略应用：\n导航到 `Analysis` > `Intrusion Events`，查看是否有策略生效的入侵事件。"
入侵检测场景,Cisco Firepower NGIPS,如何在 Cisco Firepower NGIPS 中配置日志设置？,,"1. 登录到 Cisco Firepower NGIPS 管理界面：\n打开浏览器并访问 https://<firepower-ip>\n输入管理员用户名和密码进行登录。\n2. 导航到 `System` > `Logging`。\n3. 配置日志目的地：\n在 `Log Destinations` 部分，输入 Syslog 服务器的地址（例如，192.168.1.100）。\n4. 配置日志级别：\n选择日志级别（例如，`Info`, `Warning`, `Critical`）。\n5. 配置日志类型：\n选择需要记录的日志类型（例如，`System Logs`, `Event Logs`, `Intrusion Logs`）。\n6. 保存并应用设置：\n点击 `Save` 按钮保存配置。\n7. 验证日志记录：\n导航到 `Monitoring` > `Logs`，查看是否正常记录日志。"
入侵检测场景,Cisco Firepower NGIPS,如何在 Cisco Firepower NGIPS 中配置用户认证？,,"1. 登录到 Cisco Firepower NGIPS 管理界面：\n打开浏览器并访问 https://<firepower-ip>\n输入管理员用户名和密码进行登录。\n2. 导航到 `System` > `Users`。\n3. 添加新的用户：\n点击 `Add User` 按钮。\n4. 输入用户信息：\n在 `Username` 字段中输入用户名，在 `Password` 和 `Confirm Password` 字段中输入密码。\n5. 配置用户角色：\n在 `Roles` 部分，选择用户角色（例如，`Admin`, `Read-Only`）。\n6. 保存并应用设置：\n点击 `Save` 按钮保存用户配置。\n7. 验证用户认证：\n注销并使用新用户凭据重新登录管理界面，确认用户认证配置正常。"
入侵检测场景,Cisco Firepower NGIPS,如何在 Cisco Firepower NGIPS 中配置应用控制？,,"1. 登录到 Cisco Firepower NGIPS 管理界面：\n打开浏览器并访问 https://<firepower-ip>\n输入管理员用户名和密码进行登录。\n2. 导航到 `Policies` > `Application Control`。\n3. 启用应用控制：\n在 `Application Control` 页面，点击 `Enable` 按钮。\n4. 配置应用控制策略：\n在 `Policy` 部分，选择或创建应用控制策略（例如，`Allow Office Applications`, `Block P2P`）。\n5. 配置规则：\n点击 `Edit` 按钮，选择或自定义规则，配置应用类型和访问权限。\n6. 保存并应用设置：\n点击 `Save` 按钮保存更改。\n7. 验证应用控制：\n导航到 `Monitoring` > `Application Control`，查看是否有应用控制策略生效的记录。"
