type,device,instruction,input,output,
基本防火墙,Cisco ASA (Adaptive Security Appliance),配置 Cisco ASA 接口的 IP 地址。,,ciscoasa(config)# interface GigabitEthernet0/1\nciscoasa(config-if)# ip address 192.168.1.1 255.255.255.0\nciscoasa(config-if)# no shutdown\nciscoasa(config-if)# exit" },
基本防火墙,Cisco ASA (Adaptive Security Appliance),配置 Cisco ASA 的默认网关。,,ciscoasa(config)# route outside 0.0.0.0 0.0.0.0 192.168.1.254,
基本防火墙,Cisco ASA (Adaptive Security Appliance),配置 Cisco ASA 的 NAT,,"ciscoasa(config)# object network obj_any\nciscoasa(config-network-object)# nat (inside,outside) dynamic interface",
基本防火墙,Cisco ASA (Adaptive Security Appliance),配置 Cisco ASA 的 ACL 以允许 HTTP 流量。,,ciscoasa(config)# access-list outside_access_in extended permit tcp any any eq 80\nciscoasa(config)# access-group outside_access_in in interface outside,
基本防火墙,Cisco ASA (Adaptive Security Appliance),配置 Cisco ASA 的静态路由。,,ciscoasa(config)# route inside 192.168.2.0 255.255.255.0 192.168.1.254,
基本防火墙,Cisco ASA (Adaptive Security Appliance),配置 Cisco ASA 以允许内部网络访问外部网络。,,ciscoasa(config)# access-list inside_access_in extended permit ip 192.168.1.0 255.255.255.0 any\nciscoasa(config)# access-group inside_access_in in interface inside,
基本防火墙,Cisco ASA (Adaptive Security Appliance),配置 Cisco ASA 的 VPN 连接。,,ciscoasa(config)# crypto ikev2 enable outside\nciscoasa(config)# crypto ikev2 policy 1\nciscoasa(config-ikev2-policy)# encryption aes-cbc-256\nciscoasa(config-ikev2-policy)# integrity sha256\nciscoasa(config-ikev2-policy)# group 14\nciscoasa(config)# tunnel-group VPN-Group type ipsec-l2l\nciscoasa(config)# tunnel-group VPN-Group ipsec-attributes\nciscoasa(config-tunnel-ipsec)# pre-shared-key MySecretKey,
基本防火墙,Cisco ASA (Adaptive Security Appliance),配置 Cisco ASA 的 DHCP 服务器。,,ciscoasa(config)# dhcpd address 192.168.1.10-192.168.1.100 inside\nciscoasa(config)# dhcpd lease 3600,
基本防火墙,Cisco ASA (Adaptive Security Appliance),配置 Cisco ASA 的日志记录,,ciscoasa(config)# logging enable\nciscoasa(config)# logging trap notifications\nciscoasa(config)# logging buffer-size 4096,
基本防火墙,Cisco ASA (Adaptive Security Appliance),配置 Cisco ASA 的防火墙策略。,,ciscoasa(config)# policy-map global_policy\nciscoasa(config-pmap)# class inspection_default\nciscoasa(config-pmap-c)# inspect http\nciscoasa(config-pmap-c)# inspect dns preallow\nciscoasa(config)# service-policy global_policy global,
基本防火墙,Fortinet FortiGate,配置 FortiGate 接口的 IP 地址。,,config system interface\nedit internal1\nset ip 192.168.1.1 255.255.255.0\nset allowaccess ping https ssh http\nnext\nend" },
基本防火墙,Fortinet FortiGate,配置 FortiGate 的默认网关,,config router static\nedit 1\nset gateway 192.168.1.254\nset device internal1\nnext\nend,
基本防火墙,Fortinet FortiGate,配置 FortiGate 的 NAT，以允许内部网络通过外部接口访问互联网。,,config firewall policy\nedit 1\nset name \"NAT Policy\"\nset srcintf \"internal1\"\nset dstintf \"wan1\"\nset action accept\nset nat enable\nnext\nend,
基本防火墙,Fortinet FortiGate,配置 FortiGate 的 ACL，以允许 HTTP 流量,,config firewall policy\nedit 2\nset name \"Allow HTTP\"\nset srcintf \"internal1\"\nset dstintf \"wan1\"\nset action accept\nset schedule always\nset service HTTP\nnext\nend,
基本防火墙,Fortinet FortiGate,配置 FortiGate 的静态路由。,,config router static\nedit 2\nset dst 192.168.2.0 255.255.255.0\nset gateway 192.168.1.254\nset device internal1\nnext\nend,
基本防火墙,Fortinet FortiGate,配置 FortiGate 以允许内部网络访问外部网络。,,config firewall policy\nedit 3\nset name \"Internal to External\"\nset srcintf \"internal1\"\nset dstintf \"wan1\"\nset action accept\nset schedule always\nset service ALL\nnext\nend,
基本防火墙,Fortinet FortiGate,配置 FortiGate 的 IPsec VPN 连接,,config vpn ipsec phase1-interface\nedit VPN-Connection\nset interface \"wan1\"\nset mode main\nset proposal aes256-sha256\nset dhgrp 14\nset remote-gw 10.0.0.1\nset psksecret MySecretKey\nnext\nend\n\nconfig vpn ipsec phase2-interface\nedit VPN-Connection\nset phase1name VPN-Connection\nset proposal aes256-sha256\nnext\nend,
基本防火墙,Fortinet FortiGate,配置 FortiGate 的 DHCP 服务器,,config system dhcp server\nedit 1\nset interface \"internal1\"\nset lease-time 3600\nset ip-range 192.168.1.10 192.168.1.100\nnext\nend,
基本防火墙,Fortinet FortiGate,配置 FortiGate 的日志记录,,config log settings\nset loglevel information\nset logserver 192.168.1.200\nend,
基本防火墙,Fortinet FortiGate,配置 FortiGate 的防火墙策略,,config firewall policy\nedit 4\nset name \"Default Policy\"\nset srcintf \"internal1\"\nset dstintf \"wan1\"\nset action accept\nset schedule always\nset service HTTP HTTPS\nnext\nend,
基本防火墙,Palo Alto Networks Next-Generation Firewall,配置 Palo Alto Networks Next-Generation Firewall 接口的 IP 地址。,,configure\nset interface ethernet1/1 ip 192.168.1.1/24\ncommit\n\n# 这将配置接口 ethernet1/1 的 IP 地址为 192.168.1.1，并设置子网掩码为 255.255.255.0。\n# 使用 'commit' 命令来应用配置更改。,
基本防火墙,Palo Alto Networks Next-Generation Firewall,配置 Palo Alto Networks Next-Generation Firewall 的默认网关。,,configure\nset deviceconfig system default-gateway 192.168.1.254\ncommit\n\n# 这将设置默认网关的 IP 地址为 192.168.1.254。\n# 使用 'commit' 命令来应用配置更改。,
基本防火墙,Palo Alto Networks Next-Generation Firewall,配置 Palo Alto Networks Next-Generation Firewall 的 NAT，以允许内部网络通过外部接口访问互联网。,,configure\nset rulebase nat rules NAT-Rule1 source-zone trust destination-zone untrust source-address 192.168.1.0/24 destination-address any service any translation-type dynamic-ip-and-port interface-address ethernet1/2\ncommit\n\n# 这将创建一个 NAT 规则，允许源自 trust 区域的流量通过 untrust 区域，使用动态 IP 和端口。\n# 'interface-address' 参数指定 NAT 规则应用的外部接口为 ethernet1/2。\n# 使用 'commit' 命令来应用配置更改。,
基本防火墙,Palo Alto Networks Next-Generation Firewall,配置 Palo Alto Networks Next-Generation Firewall 的访问控制策略以允许 HTTP 流量。,,configure\nset rulebase security rules Allow-HTTP from trust to untrust source any destination any application web-browsing action allow\ncommit\n\n# 这将创建一个安全策略规则，允许从 trust 区域到 untrust 区域的 HTTP 流量。\n# 'application' 参数指定允许的服务为 web-browsing（HTTP）。\n# 使用 'commit' 命令来应用配置更改。,
基本防火墙,Palo Alto Networks Next-Generation Firewall,配置 Palo Alto Networks Next-Generation Firewall 的静态路由,,configure\nset virtual-router default routing-table ip static-route Route-to-192.168.2.0 destination 192.168.2.0/24 nexthop ip-address 192.168.1.254\ncommit\n\n# 这将配置一条静态路由，将目的网络 192.168.2.0/24 的流量引导到下一跳 IP 地址 192.168.1.254。\n# 使用 'commit' 命令来应用配置更改。,
基本防火墙,Palo Alto Networks Next-Generation Firewall,配置 Palo Alto Networks Next-Generation Firewall 以允许内部网络访问外部网络。,,configure\nset rulebase security rules Allow-Internal-To-External from trust to untrust source any destination any application any action allow\ncommit\n\n# 这将创建一个安全策略规则，允许从 trust 区域到 untrust 区域的所有流量。\n# 'application any' 表示允许所有应用程序流量。\n# 使用 'commit' 命令来应用配置更改。",
基本防火墙,Palo Alto Networks Next-Generation Firewall,配置 Palo Alto Networks Next-Generation Firewall 的 IPsec VPN 连接。,,configure\nset network ike gateway VPN-Connection address 10.0.0.1 netmask 255.255.255.255 interface ethernet1/2 authentication pre-shared-key MySecretKey\nset network ike crypto-profiles ike-crypto-profile VPN-Connection encryption aes-256 integrity sha256\nset network ipsec tunnel VPN-Connection ike-gateway VPN-Connection crypto-profile VPN-Connection\ncommit\n\n# 这将配置一个 IPsec VPN 连接，包括设置 IKE 网关、加密和完整性算法、预共享密钥。\n# 'set network ike crypto-profiles' 命令指定加密算法和完整性算法。\n# 'set network ipsec tunnel' 命令配置 IPsec 隧道，并将 IKE 网关和加密配置文件与 VPN 连接关联。\n# 使用 'commit' 命令来应用配置更改。,
基本防火墙,Palo Alto Networks Next-Generation Firewall,配置 Palo Alto Networks Next-Generation Firewall 的 DHCP 服务器。,,configure\nset network dhcp server interface ethernet1/1\nset network dhcp server ip-range 192.168.1.10 192.168.1.100\nset network dhcp server lease-time 3600\ncommit\n\n# 这将配置 DHCP 服务器在接口 ethernet1/1 上提供地址池 192.168.1.10-192.168.1.100，租期为 3600 秒。\n# 使用 'commit' 命令来应用配置更改。,
基本防火墙,Palo Alto Networks Next-Generation Firewall,配置 Palo Alto Networks Next-Generation Firewall 的日志记录。,,configure\nset logging-servers syslog-server 192.168.1.200 port 514\nset logging-servers syslog-server log-level informational\ncommit\n\n# 这将配置日志服务器的 IP 地址为 192.168.1.200，并设置日志级别为 informational。\n# 使用 'commit' 命令来应用配置更改。,
基本防火墙,Palo Alto Networks Next-Generation Firewall,配置 Palo Alto Networks Next-Generation Firewall 的防火墙策略。,,configure\nset rulebase security rules Default-Policy from trust to untrust source any destination any application web-browsing ssl action allow\ncommit\n\n# 这将创建一个安全策略规则，允许从 trust 区域到 untrust 区域的 HTTP 和 HTTPS 流量。\n# 'application web-browsing ssl' 表示允许 HTTP 和 HTTPS 流量。\n# 使用 'commit' 命令来应用配置更改。,
基本防火墙,Juniper Networks SRX,配置 Juniper Networks SRX 接口的 IP 地址。,,configure\nset interfaces ge-0/0/0 unit 0 family inet address 192.168.1.1/24\ncommit\n\n# 这将配置接口 ge-0/0/0 的 IP 地址为 192.168.1.1，并设置子网掩码为 255.255.255.0。\n# 使用 'commit' 命令来应用配置更改。,
基本防火墙,Juniper Networks SRX,配置 Juniper Networks SRX 的默认网关。,,configure\nset routing-options static route 0.0.0.0/0 next-hop 192.168.1.254\ncommit\n\n# 这将设置默认网关的 IP 地址为 192.168.1.254。\n# 使用 'commit' 命令来应用配置更改。,
基本防火墙,Juniper Networks SRX,配置 Juniper Networks SRX 的 NAT，以允许内部网络通过外部接口访问互联网。,,configure\nset security nat source rule-set source-nat from zone trust\nset security nat source rule-set source-nat to zone untrust\nset security nat source rule-set source-nat rule source-nat-rule match source-address 192.168.1.0/24\nset security nat source rule-set source-nat rule source-nat-rule then source-nat interface\ncommit\n\n# 这将创建一个 NAT 规则，将来自 trust 区域的流量通过 untrust 区域。\n# 'source-nat interface' 表示使用接口的 IP 地址作为源地址。\n# 使用 'commit' 命令来应用配置更改。,
基本防火墙,Juniper Networks SRX,配置 Juniper Networks SRX 的访问控制策略以允许 HTTP 流量。,,configure\nset security policies from-zone trust to-zone untrust policy Allow-HTTP match source-address any destination-address any application junos-http\nset security policies from-zone trust to-zone untrust policy Allow-HTTP then permit\ncommit\n\n# 这将创建一个安全策略规则，允许从 trust 区域到 untrust 区域的 HTTP 流量。\n# 'application junos-http' 表示允许 HTTP 流量。\n# 使用 'commit' 命令来应用配置更改。,
基本防火墙,Juniper Networks SRX,配置 Juniper Networks SRX 的静态路由。,,configure\nset routing-options static route 192.168.2.0/24 next-hop 192.168.1.254\ncommit\n\n# 这将配置一条静态路由，将目的网络 192.168.2.0/24 的流量引导到下一跳 IP 地址 192.168.1.254。\n# 使用 'commit' 命令来应用配置更改。",
基本防火墙,Juniper Networks SRX,配置 Juniper Networks SRX 以允许内部网络访问外部网络。,,configure\nset security policies from-zone trust to-zone untrust policy Allow-Internal-To-External match source-address any destination-address any application any\nset security policies from-zone trust to-zone untrust policy Allow-Internal-To-External then permit\ncommit\n\n# 这将创建一个安全策略规则，允许从 trust 区域到 untrust 区域的所有流量。\n# 'application any' 表示允许所有应用程序流量。\n# 使用 'commit' 命令来应用配置更改。" },
基本防火墙,Juniper Networks SRX,配置 Juniper Networks SRX 的 IPsec VPN 连接,,configure\nset security ike gateway VPN-Connection address 10.0.0.1 external-interface ge-0/0/1 ike-policy IKE-Policy\nset security ike policy IKE-Policy mode main proposal-set standard pre-shared-key ascii-text MySecretKey\nset security ipsec policy IPsec-Policy proposal-set standard encryption-algorithm aes-256 authentication-algorithm sha256\nset security ipsec vpn VPN-Connection ike gateway VPN-Connection ipsec-policy IPsec-Policy\ncommit\n\n# 这将配置一个 IPsec VPN 连接，包括设置 IKE 网关、加密和完整性算法、预共享密钥。\n# 'ike policy' 配置 IKE 策略，'ipsec policy' 配置 IPsec 策略。\n# 使用 'commit' 命令来应用配置更改。,
基本防火墙,Juniper Networks SRX,配置 Juniper Networks SRX 的 DHCP 服务器。,,configure\nset system services dhcp pool DHCP-Pool address-range low 192.168.1.10 high 192.168.1.100\nset system services dhcp pool DHCP-Pool lease-time 3600\nset interfaces ge-0/0/0 unit 0 family inet dhcp-server-group DHCP-Pool\ncommit\n\n# 这将配置 DHCP 服务器在接口 ge-0/0/0 上提供地址池 192.168.1.10-192.168.1.100，租期为 3600 秒。\n# 使用 'commit' 命令来应用配置更改。,
基本防火墙,Juniper Networks SRX,配置 Juniper Networks SRX 的日志记录。,,configure\nset system syslog host 192.168.1.200 any informational\ncommit\n\n# 这将配置日志服务器的 IP 地址为 192.168.1.200，并设置日志级别为 informational。\n# 使用 'commit' 命令来应用配置更改。,
基本防火墙,Juniper Networks SRX,配置 Juniper Networks SRX 的防火墙策略,,configure\nset security policies from-zone trust to-zone untrust policy Default-Policy match source-address any destination-address any application junos-http junos-https\nset security policies from-zone trust to-zone untrust policy Default-Policy then permit\ncommit\n\n# 这将创建一个安全策略规则，允许从 trust 区域到 untrust 区域的 HTTP 和 HTTPS 流量。\n# 'application junos-http junos-https' 表示允许 HTTP 和 HTTPS 流量。\n# 使用 'commit' 命令来应用配置更改。,
基本防火墙,Check Point Firewall,配置 Check Point Firewall 接口的 IP 地址。,,set interface eth0 ip-address 192.168.1.1 mask 255.255.255.0\n\n# 这将配置接口 eth0 的 IP 地址为 192.168.1.1，并设置子网掩码为 255.255.255.0。\n# 使用 'set interface' 命令来应用配置更改。,
基本防火墙,Check Point Firewall,配置 Check Point Firewall 的默认网关。,,set static-route 0.0.0.0/0 nexthop gateway 192.168.1.254\n\n# 这将设置默认网关的 IP 地址为 192.168.1.254。\n# 使用 'set static-route' 命令来应用配置更改。,
基本防火墙,Check Point Firewall,配置 Check Point Firewall 的 NAT，以允许内部网络通过外部接口访问互联网。,,set nat rule 1 source-address 192.168.1.0/24 nat-type dynamic\nset nat rule 1 external-interface eth1\n\n# 这将创建一个 NAT 规则，将来自内部网络 192.168.1.0/24 的流量通过外部接口 eth1 进行转换。\n# 使用 'set nat rule' 命令来应用配置更改。,
基本防火墙,Check Point Firewall,配置 Check Point Firewall 的访问控制策略以允许 HTTP 流量,,add rule name Allow-HTTP source-network any destination-network any service HTTP action accept\n\n# 这将创建一个规则，允许来自任何源网络到任何目标网络的 HTTP 流量。\n# 使用 'add rule' 命令来应用配置更改。,
基本防火墙,Check Point Firewall,配置 Check Point Firewall 的静态路由。,,set static-route 192.168.2.0/24 nexthop gateway 192.168.1.254\n\n# 这将配置一条静态路由，将目的网络 192.168.2.0/24 的流量引导到下一跳 IP 地址 192.168.1.254。\n# 使用 'set static-route' 命令来应用配置更改。,
基本防火墙,Check Point Firewall,配置 Check Point Firewall 的 IPsec VPN 连接。,,add vpn ipsec-site-to-site gateway VPN-Connection remote-gateway 10.0.0.1 encryption-algorithm aes256 integrity-algorithm sha256 shared-secret MySecretKey\n\n# 这将配置一个 IPsec VPN 连接，包括设置远程网关 IP 地址、加密和完整性算法、预共享密钥。\n# 使用 'add vpn' 命令来应用配置更改。,
基本防火墙,Check Point Firewall,配置 Check Point Firewall 的 DHCP 服务器。,,set dhcp server pool name DHCP-Pool range 192.168.1.10 192.168.1.100 lease-time 3600\n\n# 这将配置 DHCP 服务器提供地址池 192.168.1.10-192.168.1.100，租期为 3600 秒。\n# 使用 'set dhcp server pool' 命令来应用配置更改。,
基本防火墙,Check Point Firewall,配置 Check Point Firewall 的日志记录。,,set logging server 192.168.1.200 log-level informational\n\n# 这将配置日志服务器的 IP 地址为 192.168.1.200，并设置日志级别为 informational。\n# 使用 'set logging server' 命令来应用配置更改。,
基本防火墙,Check Point Firewall,配置 Check Point Firewall 的防火墙策略。,,"add rule name Default-Policy source-network any destination-network any service HTTP,HTTPS action accept\n\n# 这将创建一个规则，允许来自任何源网络到任何目标网络的 HTTP 和 HTTPS 流量。\n# 使用 'add rule' 命令来应用配置更改。",
基本防火墙,SonicWall,配置 SonicWall 防火墙接口的 IP 地址。,,interface X1\nip address 192.168.1.1 255.255.255.0\n\n# 这将为接口 X1 配置 IP 地址 192.168.1.1 和子网掩码 255.255.255.0。\n# 使用 'interface' 命令进入接口配置模式，然后使用 'ip address' 命令设置 IP 地址。,
基本防火墙,SonicWall,配置 SonicWall 防火墙的默认网关,,ip route 0.0.0.0 0.0.0.0 192.168.1.254\n\n# 这将设置默认网关的 IP 地址为 192.168.1.254。\n# 使用 'ip route' 命令配置静态路由，其中 '0.0.0.0 0.0.0.0' 表示默认路由。,
基本防火墙,SonicWall,配置 SonicWall 防火墙的 NAT 规则以允许内部网络通过外部接口访问互联网。,,nat-policy add rule source 192.168.1.0/24 destination any service any action translate source interface X2\n\n# 这将创建一个 NAT 规则，将来自内部网络 192.168.1.0/24 的流量通过外部接口 X2 进行转换。\n# 使用 'nat-policy add rule' 命令来添加 NAT 规则。,
基本防火墙,SonicWall,配置 SonicWall 防火墙的访问控制策略以允许 HTTP 流量。,,access-rule add source any destination any service HTTP action allow\n\n# 这将创建一个访问规则，允许来自任何源网络到任何目标网络的 HTTP 流量。\n# 使用 'access-rule add' 命令来添加访问控制规则。,
基本防火墙,SonicWall,配置 SonicWall 防火墙的静态路由。,,ip route 192.168.2.0 255.255.255.0 192.168.1.254\n\n# 这将配置一条静态路由，将目的网络 192.168.2.0/24 的流量引导到下一跳 IP 地址 192.168.1.254。\n# 使用 'ip route' 命令来设置静态路由。,
基本防火墙,SonicWall,配置 SonicWall 防火墙以允许内部网络访问外部网络。,,access-rule add source 192.168.1.0/24 destination any service any action allow\n\n# 这将创建一个规则，允许来自 192.168.1.0/24 的流量访问任何目标网络。\n# 'service any' 表示允许所有服务流量。\n# 使用 'access-rule add' 命令来添加访问控制规则。" },
基本防火墙,SonicWall,配置 SonicWall 防火墙的 IPsec VPN 连接。,,vpn policy add name VPN-Connection type ipsec gateway 10.0.0.1 encryption aes256 integrity sha256 shared-secret MySecretKey\n\n# 这将配置一个 IPsec VPN 连接，包括设置远程网关 IP 地址、加密和完整性算法、预共享密钥。\n# 使用 'vpn policy add' 命令来添加 VPN 政策。,
基本防火墙,SonicWall,配置 SonicWall 防火墙的 DHCP 服务器。,,dhcp-server add pool DHCP-Pool 192.168.1.10 192.168.1.100 lease-time 3600\n\n# 这将配置 DHCP 服务器提供地址池 192.168.1.10-192.168.1.100，租期为 3600 秒。\n# 使用 'dhcp-server add pool' 命令来配置 DHCP 地址池。,
基本防火墙,SonicWall,配置 SonicWall 防火墙的日志记录。,,log-settings set level informational server 192.168.1.200\n\n# 这将配置日志服务器的 IP 地址为 192.168.1.200，并设置日志级别为 informational。\n# 使用 'log-settings set' 命令来配置日志记录设置。,
基本防火墙,SonicWall,配置 SonicWall 防火墙的防火墙策略。,,"access-rule add name Default-Policy source any destination any service HTTP,HTTPS action allow\n\n# 这将创建一个规则，允许来自任何源网络到任何目标网络的 HTTP 和 HTTPS 流量。\n# 使用 'access-rule add' 命令来添加访问控制规则。",
基本防火墙,Barracuda NextGen Firewall,配置 Barracuda NextGen Firewall 的接口 IP 地址。,,configure\ninterface eth1\nip address 192.168.1.1/24\ncommit\n\n# 这将为接口 eth1 配置 IP 地址 192.168.1.1 和子网掩码 255.255.255.0。\n# 使用 'configure' 命令进入配置模式，然后使用 'interface' 命令进入接口配置模式，接着使用 'ip address' 命令设置 IP 地址，最后使用 'commit' 命令应用配置。,
基本防火墙,Barracuda NextGen Firewall,配置 Barracuda NextGen Firewall 的默认网关。,,configure\nip default-gateway 192.168.1.254\ncommit\n\n# 这将设置默认网关的 IP 地址为 192.168.1.254。\n# 使用 'configure' 命令进入配置模式，然后使用 'ip default-gateway' 命令设置默认网关，最后使用 'commit' 命令应用配置。,
基本防火墙,Barracuda NextGen Firewall,配置 Barracuda NextGen Firewall 的 NAT 规则以允许内部网络通过外部接口访问互联网。,,configure\nnat add rule from 192.168.1.0/24 to any via eth2\ncommit\n\n# 这将创建一个 NAT 规则，将来自内部网络 192.168.1.0/24 的流量通过外部接口 eth2 进行转换。\n# 使用 'configure' 命令进入配置模式，然后使用 'nat add rule' 命令添加 NAT 规则，最后使用 'commit' 命令应用配置。,
基本防火墙,Barracuda NextGen Firewall,配置 Barracuda NextGen Firewall 的访问控制策略以允许 HTTP 流量。,,configure\naccess-list add rule allow from any to any service HTTP\ncommit\n\n# 这将创建一个访问规则，允许来自任何源网络到任何目标网络的 HTTP 流量。\n# 使用 'configure' 命令进入配置模式，然后使用 'access-list add rule' 命令添加访问控制规则，最后使用 'commit' 命令应用配置。,
基本防火墙,Barracuda NextGen Firewall,配置 Barracuda NextGen Firewall 的静态路由。,,configure\nip route 192.168.2.0/24 192.168.1.254\ncommit\n\n# 这将配置一条静态路由，将目的网络 192.168.2.0/24 的流量引导到下一跳 IP 地址 192.168.1.254。\n# 使用 'configure' 命令进入配置模式，然后使用 'ip route' 命令设置静态路由，最后使用 'commit' 命令应用配置。,
基本防火墙,Barracuda NextGen Firewall,配置 Barracuda NextGen Firewall 以允许内部网络访问外部网络。,,configure\naccess-list add rule allow from 192.168.1.0/24 to any service any\ncommit\n\n# 这将创建一个规则，允许来自 192.168.1.0/24 的流量访问任何目标网络。\n# 'service any' 表示允许所有服务流量。\n# 使用 'configure' 命令进入配置模式，然后使用 'access-list add rule' 命令添加访问控制规则，最后使用 'commit' 命令应用配置。,
基本防火墙,Barracuda NextGen Firewall,配置 Barracuda NextGen Firewall 的 IPsec VPN 连接。,,configure\nvpn ipsec add policy name VPN-Connection gateway 10.0.0.1 encryption aes256 integrity sha256 shared-secret MySecretKey\ncommit\n\n# 这将配置一个 IPsec VPN 连接，包括设置远程网关 IP 地址、加密和完整性算法、预共享密钥。\n# 使用 'configure' 命令进入配置模式，然后使用 'vpn ipsec add policy' 命令添加 VPN 策略，最后使用 'commit' 命令应用配置。,
基本防火墙,Barracuda NextGen Firewall,配置 Barracuda NextGen Firewall 的 DHCP 服务器。,,configure\ndhcp add pool DHCP-Pool range 192.168.1.10-192.168.1.100 lease-time 3600\ncommit\n\n# 这将配置 DHCP 服务器提供地址池 192.168.1.10-192.168.1.100，租期为 3600 秒。\n# 使用 'configure' 命令进入配置模式，然后使用 'dhcp add pool' 命令配置 DHCP 地址池，最后使用 'commit' 命令应用配置。,
基本防火墙,Barracuda NextGen Firewall,配置 Barracuda NextGen Firewall 的日志记录。,,configure\nlog-settings set level informational server 192.168.1.200\ncommit\n\n# 这将配置日志服务器的 IP 地址为 192.168.1.200，并设置日志级别为 informational。\n# 使用 'configure' 命令进入配置模式，然后使用 'log-settings set' 命令配置日志记录设置，最后使用 'commit' 命令应用配置。,
基本防火墙,Barracuda NextGen Firewall,配置 Barracuda NextGen Firewall 的防火墙策略。,,"configure\naccess-list add name Default-Policy source any destination any service HTTP,HTTPS action allow\ncommit\n\n# 这将创建一个规则，允许来自任何源网络到任何目标网络的 HTTP 和 HTTPS 流量。\n# 使用 'configure' 命令进入配置模式，然后使用 'access-list add' 命令添加访问控制规则，最后使用 'commit' 命令应用配置。",
基本防火墙,WatchGuard Firebox,配置 WatchGuard Firebox 的接口 IP 地址。,,configure\ninterface eth0\nip address 192.168.1.1/24\nexit\nsave\n\n# 这将为接口 eth0 配置 IP 地址 192.168.1.1 和子网掩码 255.255.255.0。\n# 使用 'configure' 命令进入配置模式，然后使用 'interface' 命令进入接口配置模式，接着使用 'ip address' 命令设置 IP 地址，最后使用 'save' 命令保存配置。",
基本防火墙,WatchGuard Firebox,配置 WatchGuard Firebox 的默认网关。,,configure\nip default-gateway 192.168.1.254\nexit\nsave\n\n# 这将设置默认网关的 IP 地址为 192.168.1.254。\n# 使用 'configure' 命令进入配置模式，然后使用 'ip default-gateway' 命令设置默认网关，最后使用 'save' 命令保存配置。,
基本防火墙,WatchGuard Firebox,配置 WatchGuard Firebox 的 NAT 规则以允许内部网络通过外部接口访问互联网。,,configure\nnat add rule from 192.168.1.0/24 to any via eth1\nexit\nsave\n\n# 这将创建一个 NAT 规则，将来自内部网络 192.168.1.0/24 的流量通过外部接口 eth1 进行转换。\n# 使用 'configure' 命令进入配置模式，然后使用 'nat add rule' 命令添加 NAT 规则，最后使用 'save' 命令保存配置。,
基本防火墙,WatchGuard Firebox,配置 WatchGuard Firebox 的访问控制策略以允许 HTTP 流量。,,configure\naccess-list add rule allow from any to any service HTTP\nexit\nsave\n\n# 这将创建一个访问规则，允许来自任何源网络到任何目标网络的 HTTP 流量。\n# 使用 'configure' 命令进入配置模式，然后使用 'access-list add rule' 命令添加访问控制规则，最后使用 'save' 命令保存配置。,
基本防火墙,WatchGuard Firebox,配置 WatchGuard Firebox 的静态路由。,,configure\nip route 192.168.2.0/24 192.168.1.254\nexit\nsave\n\n# 这将配置一条静态路由，将目的网络 192.168.2.0/24 的流量引导到下一跳 IP 地址 192.168.1.254。\n# 使用 'configure' 命令进入配置模式，然后使用 'ip route' 命令设置静态路由，最后使用 'save' 命令保存配置。,
基本防火墙,WatchGuard Firebox,配置 WatchGuard Firebox 以允许内部网络访问外部网络。,,configure\naccess-list add rule allow from 192.168.1.0/24 to any service any\nexit\nsave\n\n# 这将创建一个规则，允许来自 192.168.1.0/24 的流量访问任何目标网络。\n# 'service any' 表示允许所有服务流量。\n# 使用 'configure' 命令进入配置模式，然后使用 'access-list add rule' 命令添加访问控制规则，最后使用 'save' 命令保存配置。,
基本防火墙,WatchGuard Firebox,配置 WatchGuard Firebox 的 IPsec VPN 连接。,,configure\nvpn ipsec add policy name VPN-Connection gateway 10.0.0.1 encryption aes256 integrity sha256 shared-secret MySecretKey\nexit\nsave\n\n# 这将配置一个 IPsec VPN 连接，包括设置远程网关 IP 地址、加密和完整性算法、预共享密钥。\n# 使用 'configure' 命令进入配置模式，然后使用 'vpn ipsec add policy' 命令添加 VPN 策略，最后使用 'save' 命令保存配置。,
基本防火墙,WatchGuard Firebox,配置 WatchGuard Firebox 的 DHCP 服务器。,,configure\ndhcp add pool DHCP-Pool range 192.168.1.10-192.168.1.100 lease-time 3600\nexit\nsave\n\n# 这将配置 DHCP 服务器提供地址池 192.168.1.10-192.168.1.100，租期为 3600 秒。\n# 使用 'configure' 命令进入配置模式，然后使用 'dhcp add pool' 命令配置 DHCP 地址池，最后使用 'save' 命令保存配置。,
基本防火墙,WatchGuard Firebox,配置 WatchGuard Firebox 的日志记录。,,configure\nlog-settings set level informational server 192.168.1.200\nexit\nsave\n\n# 这将配置日志服务器的 IP 地址为 192.168.1.200，并设置日志级别为 informational。\n# 使用 'configure' 命令进入配置模式，然后使用 'log-settings set' 命令配置日志记录设置，最后使用 'save' 命令保存配置。,
基本防火墙,WatchGuard Firebox,配置 WatchGuard Firebox 的防火墙策略。,,"configure\naccess-list add name Default-Policy source any destination any service HTTP,HTTPS action allow\nexit\nsave\n\n# 这将创建一个规则，允许来自任何源网络到任何目标网络的 HTTP 和 HTTPS 流量。\n# 使用 'configure' 命令进入配置模式，然后使用 'access-list add' 命令添加访问控制规则，最后使用 'save' 命令保存配置。",
基本防火墙,Sophos XG Firewall,配置 Sophos XG Firewall 的接口 IP 地址。,,console> system ipset interface Port1 192.168.1.1/24\nconsole> system ipset apply\n\n# 这将为接口 Port1 配置 IP 地址 192.168.1.1 和子网掩码 255.255.255.0。\n# 使用 'system ipset interface' 命令设置 IP 地址，然后使用 'system ipset apply' 命令应用配置。,
基本防火墙,Sophos XG Firewall,配置 Sophos XG Firewall 的默认网关。,,console> system ipset gateway 192.168.1.254\nconsole> system ipset apply\n\n# 这将设置默认网关的 IP 地址为 192.168.1.254。\n# 使用 'system ipset gateway' 命令设置默认网关，然后使用 'system ipset apply' 命令应用配置。,
基本防火墙,Sophos XG Firewall,配置 Sophos XG Firewall 的 NAT 规则以允许内部网络通过外部接口访问互联网。,,console> nat rule add source 192.168.1.0/24 destination any service any outbound-interface Port2\nconsole> nat rule apply\n\n# 这将创建一个 NAT 规则，将来自内部网络 192.168.1.0/24 的流量通过外部接口 Port2 进行转换。\n# 使用 'nat rule add' 命令添加 NAT 规则，然后使用 'nat rule apply' 命令应用配置。,
基本防火墙,Sophos XG Firewall,配置 Sophos XG Firewall 的访问控制策略以允许 HTTP 流量。,,console> firewall rule add source any destination any service HTTP action accept\nconsole> firewall rule apply\n\n# 这将创建一个访问规则，允许来自任何源网络到任何目标网络的 HTTP 流量。\n# 使用 'firewall rule add' 命令添加访问控制规则，然后使用 'firewall rule apply' 命令应用配置。,
基本防火墙,Sophos XG Firewall,配置 Sophos XG Firewall 的静态路由。,,console> routing static add destination 192.168.2.0/24 gateway 192.168.1.254\nconsole> routing apply\n\n# 这将配置一条静态路由，将目的网络 192.168.2.0/24 的流量引导到下一跳 IP 地址 192.168.1.254。\n# 使用 'routing static add' 命令添加静态路由，然后使用 'routing apply' 命令应用配置。,
基本防火墙,Sophos XG Firewall,配置 Sophos XG Firewall 以允许内部网络访问外部网络。,,console> firewall rule add source 192.168.1.0/24 destination any service any action accept\nconsole> firewall rule apply\n\n# 这将创建一个规则，允许来自 192.168.1.0/24 的流量访问任何目标网络。\n# 'service any' 表示允许所有服务流量。\n# 使用 'firewall rule add' 命令添加访问控制规则，然后使用 'firewall rule apply' 命令应用配置。,
基本防火墙,Sophos XG Firewall,配置 Sophos XG Firewall 的 IPsec VPN 连接。,,,console> vpn ipsec add name VPN-Connection gateway 10.0.0.1 encryption aes256 integrity sha256 shared-secret MySecretKey\nconsole> vpn ipsec apply\n\n# 这将配置一个 IPsec VPN 连接，包括设置远程网关 IP 地址、加密和完整性算法、预共享密钥。\n# 使用 'vpn ipsec add' 命令添加 VPN 策略，然后使用 'vpn ipsec apply' 命令应用配置。
基本防火墙,Sophos XG Firewall,配置 Sophos XG Firewall 的 DHCP 服务器。,,console> dhcp server add pool DHCP-Pool range 192.168.1.10-192.168.1.100 lease-time 3600\nconsole> dhcp server apply\n\n# 这将配置 DHCP 服务器提供地址池 192.168.1.10-192.168.1.100，租期为 3600 秒。\n# 使用 'dhcp server add pool' 命令配置 DHCP 地址池，然后使用 'dhcp server apply' 命令应用配置。,
基本防火墙,Sophos XG Firewall,配置 Sophos XG Firewall 的日志记录。,,console> logging level informational\nconsole> logging server 192.168.1.200\nconsole> logging apply\n\n# 这将配置日志服务器的 IP 地址为 192.168.1.200，并设置日志级别为 informational。\n# 使用 'logging level' 命令设置日志级别，然后使用 'logging server' 命令设置日志服务器，最后使用 'logging apply' 命令应用配置。,
基本防火墙,Sophos XG Firewall,配置 Sophos XG Firewall 的防火墙策略。,,"console> firewall rule add name Default-Policy source any destination any service HTTP,HTTPS action accept\nconsole> firewall rule apply\n\n# 这将创建一个规则，允许来自任何源网络到任何目标网络的 HTTP 和 HTTPS 流量。\n# 使用 'firewall rule add' 命令添加访问控制规则，然后使用 'firewall rule apply' 命令应用配置。",
基本防火墙,Hillstone Networks,配置 Hillstone Networks IPS 的接口 IP 地址。,,Hillstone> configure terminal\nHillstone(config)# interface eth0\nHillstone(config-if)# ip address 192.168.1.1 255.255.255.0\nHillstone(config-if)# exit\nHillstone(config)# exit\n\n# 这将为接口 eth0 配置 IP 地址 192.168.1.1 和子网掩码 255.255.255.0。\n# 使用 'configure terminal' 进入全局配置模式，'interface' 进入接口配置模式，'ip address' 设置 IP 地址，然后 'exit' 退出配置模式。,
基本防火墙,Hillstone Networks,配置 Hillstone Networks IPS 的默认网关。,,Hillstone> configure terminal\nHillstone(config)# ip route 0.0.0.0 0.0.0.0 192.168.1.254\nHillstone(config)# exit\n\n# 这将设置默认网关的 IP 地址为 192.168.1.254。\n# 使用 'configure terminal' 进入全局配置模式，'ip route' 命令配置默认路由。,
基本防火墙,Hillstone Networks,配置 Hillstone Networks IPS 的 NAT 规则以允许内部网络通过外部接口访问互联网。,,Hillstone> configure terminal\nHillstone(config)# ip nat inside source list 1 interface eth1 overload\nHillstone(config)# access-list 1 permit 192.168.1.0 0.0.0.255\nHillstone(config)# exit\n\n# 这将创建一个 NAT 规则，将来自内部网络 192.168.1.0/24 的流量通过外部接口 eth1 进行转换。\n# 使用 'configure terminal' 进入全局配置模式，'ip nat inside' 配置 NAT，'access-list' 定义源地址范围。,
基本防火墙,Hillstone Networks,配置 Hillstone Networks IPS 的访问控制策略以允许 HTTP 流量。,,Hillstone> configure terminal\nHillstone(config)# access-list 101 permit tcp any any eq 80\nHillstone(config)# interface eth0\nHillstone(config-if)# ip access-group 101 in\nHillstone(config-if)# exit\nHillstone(config)# exit\n\n# 这将创建一个访问规则，允许来自任何源网络到任何目标网络的 HTTP 流量。\n# 使用 'access-list' 命令创建访问控制列表，'interface' 命令应用访问控制列表到接口。,
基本防火墙,Hillstone Networks,配置 Hillstone Networks IPS 的静态路由。,,Hillstone> configure terminal\nHillstone(config)# ip route 192.168.2.0 255.255.255.0 192.168.1.254\nHillstone(config)# exit\n\n# 这将配置一条静态路由，将目的网络 192.168.2.0/24 的流量引导到下一跳 IP 地址 192.168.1.254。\n# 使用 'configure terminal' 进入全局配置模式，'ip route' 命令添加静态路由。,
基本防火墙,Hillstone Networks,配置 Hillstone Networks IPS 以允许内部网络访问外部网络。,,Hillstone> configure terminal\nHillstone(config)# access-list 102 permit ip 192.168.1.0 0.0.0.255 any\nHillstone(config)# interface eth0\nHillstone(config-if)# ip access-group 102 in\nHillstone(config-if)# exit\nHillstone(config)# exit\n\n# 这将创建一个规则，允许来自 192.168.1.0/24 的流量访问任何目标网络。\n# 'permit ip' 表示允许所有协议的流量。\n# 使用 'access-list' 命令创建访问控制列表，'interface' 命令应用访问控制列表到接口。,
基本防火墙,Hillstone Networks,配置 Hillstone Networks IPS 的 IPsec VPN 连接。,,Hillstone> configure terminal\nHillstone(config)# crypto isakmp policy 1\nHillstone(config-isakmp)# encryption aes 256\nHillstone(config-isakmp)# hash sha256\nHillstone(config-isakmp)# group 2\nHillstone(config-isakmp)# lifetime 86400\nHillstone(config-isakmp)# exit\nHillstone(config)# crypto isakmp key MySecretKey address 10.0.0.1\nHillstone(config)# crypto ipsec transform-set my-transform-set esp-aes 256 esp-sha-hmac\nHillstone(config)# crypto map my-map 10 ipsec-isakmp\nHillstone(config-crypto-map)# set peer 10.0.0.1\nHillstone(config-crypto-map)# set transform-set my-transform-set\nHillstone(config-crypto-map)# match address 101\nHillstone(config-crypto-map)# exit\nHillstone(config)# interface eth0\nHillstone(config-if)# crypto map my-map\nHillstone(config-if)# exit\nHillstone(config)# exit\n\n# 这将配置一个 IPsec VPN 连接，包括设置远程网关 IP 地址、加密和完整性算法、预共享密钥。\n# 使用 'crypto isakmp' 和 'crypto ipsec' 命令配置 VPN 策略，然后将其应用到接口。,
基本防火墙,Hillstone Networks,配置 Hillstone Networks IPS 的 DHCP 服务器。,,Hillstone> configure terminal\nHillstone(config)# ip dhcp pool DHCP-Pool\nHillstone(dhcp-config)# network 192.168.1.0 255.255.255.0\nHillstone(dhcp-config)# default-router 192.168.1.1\nHillstone(dhcp-config)# lease 3600\nHillstone(dhcp-config)# exit\nHillstone(config)# exit\n\n# 这将配置 DHCP 服务器提供地址池 192.168.1.10-192.168.1.100，租期为 3600 秒。\n# 使用 'ip dhcp pool' 命令创建 DHCP 地址池并配置相关参数。,
基本防火墙,Hillstone Networks,配置 Hillstone Networks IPS 的日志记录。,,Hillstone> configure terminal\nHillstone(config)# logging host 192.168.1.200\nHillstone(config)# logging trap informational\nHillstone(config)# exit\n\n# 这将配置日志服务器的 IP 地址为 192.168.1.200，并设置日志级别为 informational。\n# 使用 'logging host' 命令设置日志服务器，'logging trap' 命令设置日志级别。,
基本防火墙,Hillstone Networks,配置 Hillstone Networks IPS 的防火墙策略。,,Hillstone> configure terminal\nHillstone(config)# access-list 103 permit tcp any any eq 80\nHillstone(config)# access-list 103 permit tcp any any eq 443\nHillstone(config)# interface eth0\nHillstone(config-if)# ip access-group 103 in\nHillstone(config-if)# exit\nHillstone(config)# exit\n\n# 这将创建一个规则，允许来自任何源网络到任何目标网络的 HTTP 和 HTTPS 流量。\n# 使用 'access-list' 命令创建访问控制列表，'interface' 命令应用访问控制列表到接口。,
基本防火墙,pfSense,配置 pfSense 的接口 IP 地址。,,"Login to the pfSense web interface.\nNavigate to Interfaces > Assignments.\nSelect the interface em0 and click on the edit icon.\nUnder IPv4 Configuration Type, select Static IPv4.\nIn the IPv4 Address field, enter 192.168.1.1/24.\nClick Save and Apply Changes.\n\n# 这将为接口 em0 配置 IP 地址 192.168.1.1 和子网掩码 255.255.255.0。\n# 使用 pfSense web 界面配置，进入 Interfaces > Assignments，编辑接口配置并保存。",
基本防火墙,pfSense,配置 pfSense 的默认网关。,,Login to the pfSense web interface.\nNavigate to System > Routing.\nClick on the Gateways tab.\nClick the Add button to add a new gateway.\nEnter the default gateway IP address 192.168.1.254 in the Gateway field.\nClick Save and Apply Changes.\n\n# 这将设置默认网关的 IP 地址为 192.168.1.254。\n# 使用 pfSense web 界面配置，进入 System > Routing，添加新的网关并保存。,
基本防火墙,pfSense,配置 pfSense 的 NAT 规则以允许内部网络通过外部接口访问互联网。,,Login to the pfSense web interface.\nNavigate to Firewall > NAT.\nClick on the Outbound tab.\nSelect Manual Outbound NAT rule generation.\nClick Save and Apply Changes.\nClick Add to create a new rule.\nSet the Interface to WAN.\nSet the Source to 192.168.1.0/24.\nLeave other settings as default and click Save.\nClick Apply Changes.\n\n# 这将创建一个 NAT 规则，将来自内部网络 192.168.1.0/24 的流量通过外部接口 WAN 进行转换。\n# 使用 pfSense web 界面配置，进入 Firewall > NAT，创建新的 NAT 规则并保存。,
基本防火墙,pfSense,配置 pfSense 的访问控制策略以允许 HTTP 流量。,,"Login to the pfSense web interface.\nNavigate to Firewall > Rules.\nSelect the interface where you want to apply the rule, e.g., LAN.\nClick Add to create a new rule.\nSet Action to Pass.\nSet Protocol to TCP.\nSet Source to any.\nSet Destination to any.\nIn the Destination Port Range, set From to HTTP (80) and To to HTTP (80).\nClick Save and Apply Changes.\n\n# 这将创建一个访问规则，允许来自任何源网络到任何目标网络的 HTTP 流量。\n# 使用 pfSense web 界面配置，进入 Firewall > Rules，创建新的规则并保存。",
基本防火墙,pfSense,配置 pfSense 的静态路由。,,Login to the pfSense web interface.\nNavigate to System > Routing.\nClick on the Routes tab.\nClick Add to create a new static route.\nEnter the destination network 192.168.2.0/24 in the Destination Network field.\nEnter the gateway IP address 192.168.1.254 in the Gateway field.\nClick Save and Apply Changes.\n\n# 这将配置一条静态路由，将目的网络 192.168.2.0/24 的流量引导到下一跳 IP 地址 192.168.1.254。\n# 使用 pfSense web 界面配置，进入 System > Routing，添加新的静态路由并保存。,
基本防火墙,pfSense,配置 pfSense 以允许内部网络访问外部网络。,,"Login to the pfSense web interface.\nNavigate to Firewall > Rules.\nSelect the interface where you want to apply the rule, e.g., LAN.\nClick Add to create a new rule.\nSet Action to Pass.\nSet Protocol to any.\nSet Source to 192.168.1.0/24.\nSet Destination to any.\nClick Save and Apply Changes.\n\n# 这将创建一个规则，允许来自 192.168.1.0/24 的流量访问任何目标网络。\n# 使用 pfSense web 界面配置，进入 Firewall > Rules，创建新的规则并保存。",
基本防火墙,pfSense,配置 pfSense 的 IPsec VPN 连接。,,Login to the pfSense web interface.\nNavigate to VPN > IPsec.\nClick Add P1 to create Phase 1 of the VPN.\nSet the Remote Gateway to 10.0.0.1.\nSet the Authentication Method to Pre-Shared Key and enter the key as MySecretKey.\nSet Encryption Algorithm to AES-256 and Hash Algorithm to SHA256.\nClick Save.\nClick Add P2 to create Phase 2 of the VPN.\nSet Protocol to ESP.\nSet Encryption Algorithms to AES-256 and Hash Algorithms to SHA256.\nClick Save and Apply Changes.\n\n# 这将配置一个 IPsec VPN 连接，包括设置远程网关 IP 地址、加密和完整性算法、预共享密钥。\n# 使用 pfSense web 界面配置，进入 VPN > IPsec，配置 Phase 1 和 Phase 2 的设置并保存。,
基本防火墙,pfSense,配置 pfSense 的 DHCP 服务器。,,"Login to the pfSense web interface.\nNavigate to Services > DHCP Server.\nSelect the interface, e.g., LAN.\nCheck Enable DHCP Server on LAN interface.\nSet the Range to 192.168.1.10 - 192.168.1.100.\nSet the Default Lease Time to 3600 seconds.\nClick Save and Apply Changes.\n\n# 这将配置 DHCP 服务器提供地址池 192.168.1.10-192.168.1.100，租期为 3600 秒。\n# 使用 pfSense web 界面配置，进入 Services > DHCP Server，配置 DHCP 设置并保存。",
基本防火墙,pfSense,配置 pfSense 的日志记录。,,"Login to the pfSense web interface.\nNavigate to Status > System Logs > Settings.\nUnder Remote Syslog Servers, enter the IP address of the log server: 192.168.1.200.\nSet the log level to Informational.\nClick Save.\n\n# 这将配置日志服务器的 IP 地址为 192.168.1.200，并设置日志级别为 informational。\n# 使用 pfSense web 界面配置，进入 Status > System Logs > Settings，设置远程日志服务器并保存。",
基本防火墙,pfSense,配置 pfSense 的防火墙策略。,,"Login to the pfSense web interface.\nNavigate to Firewall > Rules.\nSelect the interface where you want to apply the rule, e.g., LAN.\nClick Add to create a new rule.\nSet Action to Pass.\nSet Protocol to TCP.\nSet Source to any.\nSet Destination to any.\nIn the Destination Port Range, set From to HTTP (80) and To to HTTPS (443).\nClick Save and Apply Changes.\n\n# 这将创建一个防火墙策略，允许来自任何源网络到任何目标网络的 HTTP 和 HTTPS 流量。\n# 使用 pfSense web 界面配置，进入 Firewall > Rules，创建新的规则并保存。",
基本防火墙,Untangle NG Firewall,配置 Untangle NG Firewall 的接口 IP 地址。,,"Login to the Untangle NG Firewall web interface.\nNavigate to Config > Network > Interfaces.\nSelect the interface eth0 and click on the Edit button.\nUnder Address Configuration, select Static.\nIn the IP Address field, enter 192.168.1.1.\nIn the Netmask field, enter 255.255.255.0.\nClick Done and then click Apply.\n\n# 这将为接口 eth0 配置 IP 地址 192.168.1.1 和子网掩码 255.255.255.0。\n# 使用 Untangle NG Firewall web 界面配置，进入 Config > Network > Interfaces，编辑接口配置并保存。",
基本防火墙,Untangle NG Firewall,配置 Untangle NG Firewall 的默认网关。,,Login to the Untangle NG Firewall web interface.\nNavigate to Config > Network > Interfaces.\nSelect the Default Gateway tab.\nClick on the Add button.\nEnter the IP address 192.168.1.254.\nClick Done and then click Apply.\n\n# 这将设置默认网关的 IP 地址为 192.168.1.254。\n# 使用 Untangle NG Firewall web 界面配置，进入 Config > Network > Interfaces，设置默认网关并保存。,
基本防火墙,Untangle NG Firewall,配置 Untangle NG Firewall 的 NAT 规则以允许内部网络通过外部接口访问互联网。,,Login to the Untangle NG Firewall web interface.\nNavigate to Config > Network > NAT.\nClick Add to create a new NAT rule.\nSet the Source Address to 192.168.1.0/24.\nSet the Destination Interface to eth1.\nClick Done and then click Apply.\n\n# 这将创建一个 NAT 规则，将来自内部网络 192.168.1.0/24 的流量通过外部接口 eth1 进行转换。\n# 使用 Untangle NG Firewall web 界面配置，进入 Config > Network > NAT，创建新的 NAT 规则并保存。,
基本防火墙,Untangle NG Firewall,配置 Untangle NG Firewall 的访问控制策略以允许 HTTP 流量。,,"Login to the Untangle NG Firewall web interface.\nNavigate to Apps > Firewall > Rules.\nClick Add to create a new rule.\nSet Action to Pass.\nSet Protocol to TCP.\nSet Source to any.\nSet Destination to any.\nIn the Destination Port field, enter 80.\nClick Done and then click Apply.\n\n# 这将创建一个访问规则，允许来自任何源网络到任何目标网络的 HTTP 流量。\n# 使用 Untangle NG Firewall web 界面配置，进入 Apps > Firewall > Rules，创建新的规则并保存。",
基本防火墙,Untangle NG Firewall,配置 Untangle NG Firewall 的静态路由。,,Login to the Untangle NG Firewall web interface.\nNavigate to Config > Network > Routes.\nClick Add to create a new static route.\nEnter the destination network 192.168.2.0/24 in the Destination Network field.\nEnter the gateway IP address 192.168.1.254 in the Gateway field.\nClick Done and then click Apply.\n\n# 这将配置一条静态路由，将目的网络 192.168.2.0/24 的流量引导到下一跳 IP 地址 192.168.1.254。\n# 使用 Untangle NG Firewall web 界面配置，进入 Config > Network > Routes，添加新的静态路由并保存。,
基本防火墙,Untangle NG Firewall,配置 Untangle NG Firewall 的 OpenVPN 连接。,,Login to the Untangle NG Firewall web interface.\nNavigate to Apps > OpenVPN.\nClick on the Server tab.\nClick Add to create a new VPN configuration.\nSet the Remote IP to 10.0.0.1.\nSet the Encryption Algorithm to AES-256.\nSet the Pre-Shared Key to MySecretKey.\nClick Done and then click Apply.\n\n# 这将配置一个 OpenVPN 连接，包括设置远程 IP 地址、加密算法和预共享密钥。\n# 使用 Untangle NG Firewall web 界面配置，进入 Apps > OpenVPN，配置 VPN 设置并保存。,
基本防火墙,Untangle NG Firewall,配置 Untangle NG Firewall 的 DHCP 服务器。,,Login to the Untangle NG Firewall web interface.\nNavigate to Config > Network > DHCP Server.\nCheck Enable DHCP Server on LAN interface.\nSet the Range to 192.168.1.100 - 192.168.1.200.\nSet the Lease Time to 3600 seconds.\nClick Done and then click Apply.\n\n# 这将配置 DHCP 服务器提供地址池 192.168.1.100-192.168.1.200，租期为 3600 秒。\n# 使用 Untangle NG Firewall web 界面配置，进入 Config > Network > DHCP Server，配置 DHCP 设置并保存。,
基本防火墙,Untangle NG Firewall,配置 Untangle NG Firewall 的日志记录。,,"Login to the Untangle NG Firewall web interface.\nNavigate to Config > Network > Logging.\nUnder Remote Syslog Servers, click Add.\nEnter the IP address 192.168.1.200.\nSet the log level to Informational.\nClick Done and then click Apply.\n\n# 这将配置日志服务器的 IP 地址为 192.168.1.200，并设置日志级别为 informational。\n# 使用 Untangle NG Firewall web 界面配置，进入 Config > Network > Logging，设置远程日志服务器并保存。",
基本防火墙,Untangle NG Firewall,配置 Untangle NG Firewall 的防火墙策略。,,"Login to the Untangle NG Firewall web interface.\nNavigate to Apps > Firewall > Rules.\nClick Add to create a new rule.\nSet Action to Pass.\nSet Protocol to TCP.\nSet Source to any.\nSet Destination to any.\nIn the Destination Port field, enter 80 (HTTP) and 443 (HTTPS).\nClick Done and then click Apply.\n\n# 这将创建一个防火墙策略，允许来自任何源网络到任何目标网络的 HTTP 和 HTTPS 流量。\n# 使用 Untangle NG Firewall web 界面配置，进入 Apps > Firewall > Rules，创建新的规则并保存。",
基本防火墙,Untangle NG Firewall,配置 Untangle NG Firewall 的带宽控制规则以限制特定用户的带宽。,,Login to the Untangle NG Firewall web interface.\nNavigate to Apps > Bandwidth Control > Rules.\nClick Add to create a new bandwidth control rule.\nSet the Source Address to 192.168.1.100.\nSet the Upload Bandwidth to 1 Mbps.\nSet the Download Bandwidth to 2 Mbps.\nClick Done and then click Apply.\n\n# 这将创建一个带宽控制规则，限制 IP 地址 192.168.1.100 的用户上传带宽为 1 Mbps，下载带宽为 2 Mbps。\n# 使用 Untangle NG Firewall web 界面配置，进入 Apps > Bandwidth Control > Rules，创建新的带宽控制规则并保存。,
基本防火墙,OpnSense,配置 OpnSense 防火墙的接口 IP 地址。,,"Login to the OpnSense web interface.\nNavigate to Interfaces > [Interface Name] > General.\nIn the IPv4 Address section, set the Address to 192.168.1.1.\nIn the Subnet section, select 24 (for 255.255.255.0).\nClick Save and then apply changes.\n\n# 这将为接口 em0 配置 IP 地址 192.168.1.1 和子网掩码 255.255.255.0。\n# 使用 OpnSense web 界面配置，进入 Interfaces > [Interface Name] > General，设置接口 IP 地址并保存。",
基本防火墙,OpnSense,配置 OpnSense 防火墙的默认网关。,,Login to the OpnSense web interface.\nNavigate to System > Routing > Gateways.\nClick Add to create a new gateway.\nEnter the IP address 192.168.1.254 in the Gateway field.\nClick Save and then apply changes.\n\n# 这将设置默认网关的 IP 地址为 192.168.1.254。\n# 使用 OpnSense web 界面配置，进入 System > Routing > Gateways，添加新的网关并保存。,
基本防火墙,OpnSense,配置 OpnSense 防火墙的 NAT 规则以允许内部网络通过外部接口访问互联网。,,Login to the OpnSense web interface.\nNavigate to Firewall > NAT > Outbound.\nSelect Hybrid Outbound NAT rule generation.\nClick Add to create a new rule.\nSet the Interface to em1.\nSet the Source Address to 192.168.1.0/24.\nClick Save and then apply changes.\n\n# 这将创建一个 NAT 规则，将来自内部网络 192.168.1.0/24 的流量通过外部接口 em1 进行转换。\n# 使用 OpnSense web 界面配置，进入 Firewall > NAT > Outbound，创建新的 NAT 规则并保存。,
基本防火墙,OpnSense,配置 OpnSense 防火墙规则以允许 HTTP 和 HTTPS 流量。,,"Login to the OpnSense web interface.\nNavigate to Firewall > Rules > [Interface Name].\nClick Add to create a new rule.\nSet Action to Pass.\nSet Protocol to TCP.\nSet Source to any.\nSet Destination to any.\nIn the Destination Port Range field, enter 80 (HTTP) and 443 (HTTPS).\nClick Save and then apply changes.\n\n# 这将创建一个防火墙规则，允许来自任何源网络到任何目标网络的 HTTP 和 HTTPS 流量。\n# 使用 OpnSense web 界面配置，进入 Firewall > Rules > [Interface Name]，创建新的规则并保存。",
基本防火墙,OpnSense,配置 OpnSense 防火墙的静态路由。,,Login to the OpnSense web interface.\nNavigate to System > Routing > Static Routes.\nClick Add to create a new static route.\nEnter the Destination Network as 192.168.2.0/24.\nEnter the Gateway as 192.168.1.254.\nClick Save and then apply changes.\n\n# 这将配置一条静态路由，将目的网络 192.168.2.0/24 的流量引导到下一跳 IP 地址 192.168.1.254。\n# 使用 OpnSense web 界面配置，进入 System > Routing > Static Routes，添加新的静态路由并保存。,
基本防火墙,OpnSense,配置 OpnSense 防火墙的 DHCP 服务器。,,Login to the OpnSense web interface.\nNavigate to Services > DHCP Server > [Interface Name].\nCheck Enable DHCP server on [Interface Name].\nSet the Range to 192.168.1.100 - 192.168.1.200.\nSet the Lease Time to 3600 seconds.\nClick Save and then apply changes.\n\n# 这将配置 DHCP 服务器提供地址池 192.168.1.100-192.168.1.200，租期为 3600 秒。\n# 使用 OpnSense web 界面配置，进入 Services > DHCP Server > [Interface Name]，配置 DHCP 设置并保存。,
基本防火墙,OpnSense,配置 OpnSense 防火墙的 OpenVPN 服务器。,,Login to the OpnSense web interface.\nNavigate to VPN > OpenVPN > Servers.\nClick Add to create a new OpenVPN server.\nEnter the Server mode as Peer to Peer (SSL/TLS).\nSet the Encryption Algorithm to AES-256-CBC.\nEnter the Remote IP Address as 10.0.0.1.\nEnter the Pre-Shared Key as MySecretKey.\nClick Save and then apply changes.\n\n# 这将配置一个 OpenVPN 服务器，包括设置加密算法和预共享密钥。\n# 使用 OpnSense web 界面配置，进入 VPN > OpenVPN > Servers，配置 VPN 服务器并保存。,
基本防火墙,OpnSense,配置 OpnSense 防火墙的带宽控制规则。,,Login to the OpnSense web interface.\nNavigate to Firewall > Traffic Shaper > Limiter.\nClick Add to create a new limiter.\nSet the Name to Bandwidth-Limiter.\nSet the Bandwidth to 1 Mbps for upload and 2 Mbps for download.\nClick Save and then apply changes.\n\n# 这将配置一个带宽控制规则，限制 IP 地址 192.168.1.100 的用户上传带宽为 1 Mbps，下载带宽为 2 Mbps。\n# 使用 OpnSense web 界面配置，进入 Firewall > Traffic Shaper > Limiter，配置带宽控制并保存。,
基本防火墙,OpnSense,配置 OpnSense 防火墙的日志记录。,,"Login to the OpnSense web interface.\nNavigate to System > Settings > Logging.\nUnder Remote Syslog Servers, click Add.\nEnter the IP address 192.168.1.200.\nSet the Log Level to Info.\nClick Save and then apply changes.\n\n# 这将配置日志服务器的 IP 地址为 192.168.1.200，并设置日志级别为 Info。\n# 使用 OpnSense web 界面配置，进入 System > Settings > Logging，设置远程日志服务器并保存。",
基本防火墙,OpnSense,配置 OpnSense 防火墙规则以阻止特定 IP 地址的流量。,,Login to the OpnSense web interface.\nNavigate to Firewall > Rules > [Interface Name].\nClick Add to create a new rule.\nSet Action to Block.\nSet Protocol to Any.\nSet Source to 10.0.0.5.\nSet Destination to any.\nClick Save and then apply changes.\n\n# 这将创建一个防火墙规则，阻止来自 IP 地址 10.0.0.5 的所有流量。\n# 使用 OpnSense web 界面配置，进入 Firewall > Rules > [Interface Name]，创建阻止规则并保存。,
基本防火墙,IPFire,配置 IPFire 防火墙的接口 IP 地址。,,Login to the IPFire web interface.\nNavigate to Network > Interfaces.\nSelect the GREEN interface from the list.\nClick Edit.\nSet the IP Address to 192.168.1.1.\nSet the Netmask to 255.255.255.0.\nClick Save and then apply changes.\n\n# 这将为 GREEN 接口配置 IP 地址 192.168.1.1 和子网掩码 255.255.255.0。\n# 使用 IPFire web 界面配置，进入 Network > Interfaces，编辑接口设置并保存。,
基本防火墙,IPFire,配置 IPFire 防火墙的默认网关。,,Login to the IPFire web interface.\nNavigate to Network > Gateways.\nClick Edit for the default gateway.\nEnter the IP address 192.168.1.254 in the Gateway field.\nClick Save and then apply changes.\n\n# 这将设置默认网关的 IP 地址为 192.168.1.254。\n# 使用 IPFire web 界面配置，进入 Network > Gateways，编辑默认网关并保存。,
基本防火墙,IPFire,配置 IPFire 防火墙的 NAT 规则以允许内部网络通过外部接口访问互联网。,,Login to the IPFire web interface.\nNavigate to Firewall > NAT.\nClick Add to create a new NAT rule.\nSet the Interface to RED.\nSet the Source Network to 192.168.1.0/24.\nClick Save and then apply changes.\n\n# 这将创建一个 NAT 规则，将来自内部网络 192.168.1.0/24 的流量通过外部接口 RED 进行转换。\n# 使用 IPFire web 界面配置，进入 Firewall > NAT，创建新的 NAT 规则并保存。,
基本防火墙,IPFire,配置 IPFire 防火墙规则以允许 HTTP 和 HTTPS 流量。,,"Login to the IPFire web interface.\nNavigate to Firewall > Rules.\nClick Add to create a new rule.\nSet Action to Allow.\nSet Source Network to any.\nSet Destination Network to any.\nSet Services to HTTP, HTTPS.\nClick Save and then apply changes.\n\n# 这将创建一个防火墙规则，允许来自任何源网络到任何目标网络的 HTTP 和 HTTPS 流量。\n# 使用 IPFire web 界面配置，进入 Firewall > Rules，创建新的规则并保存。",
基本防火墙,IPFire,配置 IPFire 防火墙的静态路由。,,Login to the IPFire web interface.\nNavigate to Network > Routing.\nClick Add to create a new route.\nEnter the Destination Network as 192.168.2.0/24.\nEnter the Gateway as 192.168.1.254.\nClick Save and then apply changes.\n\n# 这将配置一条静态路由，将目的网络 192.168.2.0/24 的流量引导到下一跳 IP 地址 192.168.1.254。\n# 使用 IPFire web 界面配置，进入 Network > Routing，添加新的静态路由并保存。,
基本防火墙,IPFire,配置 IPFire 防火墙的 DHCP 服务器。,,Login to the IPFire web interface.\nNavigate to Network > DHCP Server.\nClick Edit for the GREEN interface.\nSet the Address Range to 192.168.1.100 - 192.168.1.200.\nSet the Lease Time to 3600 seconds.\nClick Save and then apply changes.\n\n# 这将配置 DHCP 服务器提供地址池 192.168.1.100-192.168.1.200，租期为 3600 秒。\n# 使用 IPFire web 界面配置，进入 Network > DHCP Server，编辑接口的 DHCP 设置并保存。,
基本防火墙,IPFire,配置 IPFire 防火墙的 OpenVPN 服务器。,,Login to the IPFire web interface.\nNavigate to VPN > OpenVPN.\nClick Add to create a new OpenVPN server.\nEnter the Server Name as VPN-Server.\nSet the Encryption Algorithm to AES-256-CBC.\nEnter the Remote IP Address as 10.0.0.1.\nEnter the Pre-Shared Key as MySecretKey.\nClick Save and then apply changes.\n\n# 这将配置一个 OpenVPN 服务器，包括设置加密算法和预共享密钥。\n# 使用 IPFire web 界面配置，进入 VPN > OpenVPN，配置 VPN 服务器并保存。,
基本防火墙,IPFire,配置 IPFire 防火墙的带宽控制规则。,,Login to the IPFire web interface.\nNavigate to Network > Traffic Shaper.\nClick Add to create a new traffic shaping rule.\nSet the Source Address to 192.168.1.100.\nSet the Upload Limit to 1 Mbps.\nSet the Download Limit to 2 Mbps.\nClick Save and then apply changes.\n\n# 这将配置一个带宽控制规则，限制 IP 地址 192.168.1.100 的用户上传带宽为 1 Mbps，下载带宽为 2 Mbps。\n# 使用 IPFire web 界面配置，进入 Network > Traffic Shaper，创建新的带宽控制规则并保存。,
基本防火墙,IPFire,配置 IPFire 防火墙的日志记录。,,Login to the IPFire web interface.\nNavigate to System > Logs.\nClick Edit for the Remote Logging section.\nEnter the IP address 192.168.1.200 in the Remote Log Server field.\nSet the Log Level to Info.\nClick Save and then apply changes.\n\n# 这将配置日志服务器的 IP 地址为 192.168.1.200，并设置日志级别为 Info。\n# 使用 IPFire web 界面配置，进入 System > Logs，设置远程日志服务器并保存。,
基本防火墙,IPFire,配置 IPFire 防火墙规则以阻止特定 IP 地址的流量。,,Login to the IPFire web interface.\nNavigate to Firewall > Rules.\nClick Add to create a new rule.\nSet Action to Drop.\nSet Source Address to 10.0.0.5.\nSet Destination Network to any.\nSet Services to all.\nClick Save and then apply changes.\n\n# 这将创建一个防火墙规则，阻止来自 IP 地址 10.0.0.5 的所有流量。\n# 使用 IPFire web 界面配置，进入 Firewall > Rules，创建阻止规则并保存。,
